final_rank,feature,feature_group,frequency_band,region,final_evidence_score,final_evidence_class,evidence_level,perturbation_significant,perturbation_min_p,perturbation_max_abs_d,cross_target_pattern,ml_mean_importance,ml_max_importance,ml_mean_sign_consistency,loso_stable_count,loso_rows,loso_stability_rate,loso_mean_effect,null_significant,null_min_p,r_fdr_significant,r_min_p,score_perturbation,score_ml,score_loso,score_consistency,score_r,score_null,top_10_flag,top_20_flag
1,alpha_beta_central_ratio,Frequency Ratio,Alpha,Central,0.6528487323831598,limited_multilayer_evidence,Moderate,2,2.7374404943671806e-09,0.1583539341510638,target_dissociated,0.012021455063968,0.0185124925685302,0.7,0,46,0.0,0.0687741390466139,0,1.0,0,0.6927925516030983,0.7003541432932022,0.8638009827992957,1.0,0.7,0.0,0.0,1,1
2,delta_abs,Absolute Band Power,Delta,Global / Mixed,0.59817359400696,limited_multilayer_evidence,Moderate,1,0.0058778508834395,0.1317639434412088,target_shared,0.0138638985118335,0.0265942424505776,0.7,0,46,0.0,0.0286642771693418,0,1.0,0,0.5827241271031729,0.580742273082922,1.0,0.7399401286811474,0.7,0.0,0.0,1,1
3,beta_temporal,Regional Band Power,Beta,Temporal,0.5949529843179377,limited_multilayer_evidence,Moderate,1,4.4132371288135055e-24,0.2171282757930247,target_preferential,0.0092352241343385,0.0169964855462604,1.0,0,46,0.0,-0.0297806655559938,0,1.0,0,0.9086975917369357,0.964743439283717,0.6578343276222438,0.3610012948627986,1.0,0.0,0.0,1,1
4,theta_abs,Absolute Band Power,Theta,Global / Mixed,0.5852430502113402,limited_multilayer_evidence,Moderate,2,5.477629943419366e-06,0.1237392080186769,target_dissociated,0.0111490543470897,0.0183450160265364,0.8,0,46,0.0,0.0450376243919468,0,1.0,0,0.6982259522172423,0.5446439674345499,0.7993104713636985,0.846099820399815,0.8,0.0,0.0,1,1
5,beta_parietal,Regional Band Power,Beta,Parietal,0.5498321009676342,limited_multilayer_evidence,Moderate,1,2.7374404943671806e-09,0.1550481442910112,weak_cross_target_pattern,0.007564677691506,0.0102064938642854,0.9,0,46,0.0,0.0198766270898477,0,1.0,0,0.894145784023616,0.6854834458191891,0.5343424592745308,0.6829637382896538,0.9,0.0,0.0,1,1
6,theta_parietal,Regional Band Power,Theta,Parietal,0.5419475502884159,limited_multilayer_evidence,Moderate,2,1.2914008919258045e-05,0.1193441987749964,target_dissociated,0.0104165949155947,0.0168193217809792,0.7,0,46,0.0,0.0353797200244385,0,1.0,0,0.9086975917369357,0.5248735477693315,0.7451648448997892,0.7834809718306257,0.7,0.0,0.0,1,1
7,alpha_beta_frontal_ratio,Frequency Ratio,Alpha,Frontal,0.539529339343512,limited_multilayer_evidence,Moderate,1,0.0001014112496675,0.1303176474367501,target_dissociated,0.0096749932044134,0.0169775178904503,0.9,0,46,0.0,0.0093184725356807,0,1.0,0,0.7189541462024842,0.5742362847259256,0.6903433933462736,0.6145079474638794,0.9,0.0,0.0,1,1
8,theta_beta_ratio,Frequency Ratio,Theta,Global / Mixed,0.5343625951990492,limited_multilayer_evidence,Moderate,2,0.0002196680024521,0.1075474890702915,target_dissociated,0.0093654184539337,0.0120073892499295,0.9,0,46,0.0,0.0286110393166138,0,1.0,0,0.9086975917369357,0.4718074701800471,0.6674586872705811,0.7395949509996059,0.9,0.0,0.0,1,1
9,beta_abs,Absolute Band Power,Beta,Global / Mixed,0.5313653989693492,limited_multilayer_evidence,Moderate,1,0.0033819575805418,0.0978581244466391,weak_cross_target_pattern,0.0108452052113663,0.0128181668264146,1.0,0,46,0.0,0.0062636898497392,0,1.0,0,0.5827241271031729,0.4282210305896472,0.7768490201258077,0.5947016864838794,1.0,0.0,0.0,1,1
10,theta_rel,Relative Band Power,Theta,Global / Mixed,0.5168148596334524,limited_multilayer_evidence,Moderate,1,4.763877686990766e-09,0.1940892963849802,weak_cross_target_pattern,0.0039801707477693,0.0072815043605287,0.6,0,46,0.0,0.0361272579379953,0,1.0,0,0.8772152494885191,0.8611053656641207,0.2693648158892643,0.788327775197847,0.6,0.0,0.0,1,1
11,alpha_beta_parietal_ratio,Frequency Ratio,Alpha,Parietal,0.5123206904790842,limited_multilayer_evidence,Moderate,1,0.0001063347277625,0.1202418218023179,target_dissociated,0.007165682023854,0.0085914157129002,1.0,0,46,0.0,0.0141164774111037,0,1.0,0,0.8687825852408293,0.5289113968311571,0.5048474873314354,0.6456167190250393,1.0,0.0,0.0,0,1
12,theta_central,Regional Band Power,Theta,Central,0.4916939532588629,limited_multilayer_evidence,Low,2,7.168466810680754e-09,0.1528240647860177,target_dissociated,0.0017810108350266,0.0026261411899615,0.8,0,46,0.0,0.0544806045663002,0,1.0,0,0.6982259522172423,0.6754786920758932,0.1067962338631891,0.907325167336259,0.8,0.0,0.0,0,1
13,alpha_abs,Absolute Band Power,Alpha,Global / Mixed,0.486209331325063,limited_multilayer_evidence,Low,1,0.0029074766612216,0.1011715846421198,target_dissociated,0.0080991555730645,0.0111919348571895,1.0,0,46,0.0,-0.0001239558170624,0,1.0,0,0.9086975917369357,0.4431262321436243,0.5738526880786304,0.5532861783671543,1.0,0.0,0.0,0,1
14,alpha_temporal,Regional Band Power,Alpha,Temporal,0.4828942251903095,limited_multilayer_evidence,Low,1,0.001972721506344,0.100171074318177,target_dissociated,0.006030502285252,0.0069501619815161,1.0,0,46,0.0,0.0217727527578946,0,1.0,0,0.6982259522172423,0.4386255569716266,0.4209315522600717,0.6952576274769429,1.0,0.0,0.0,0,1
15,gamma_temporal,Regional Band Power,Gamma,Temporal,0.4807225511381773,limited_multilayer_evidence,Low,1,4.008837981489088e-23,0.2249658894032735,weak_cross_target_pattern,0.0034077225873289,0.0034522375979122,0.9,0,46,0.0,-0.0466593664672606,0,1.0,0,0.466558886075305,1.0,0.2270477087125688,0.2515650469783175,0.9,0.0,0.0,0,1
16,alpha_central,Regional Band Power,Alpha,Central,0.4675582677241904,limited_multilayer_evidence,Low,2,4.1929927970589225e-08,0.1548613622822838,target_dissociated,0.0035680824954707,0.0050531441419066,0.8,0,46,0.0,0.0137260488261305,0,1.0,0,0.9287087233441628,0.684643229452463,0.2389020003124607,0.6430853014929123,0.8,0.0,0.0,0,1
17,alpha_beta_ratio,Frequency Ratio,Alpha,Global / Mixed,0.4652910241224007,limited_multilayer_evidence,Low,1,0.0009296003114551,0.1115741527988019,target_dissociated,0.0050884073262485,0.0052606730495385,0.9,0,46,0.0,0.0206171294025949,0,1.0,0,0.9086975917369357,0.4899209319157265,0.3512890307082364,0.6877649250091092,0.9,0.0,0.0,0,1
18,theta_occipital,Regional Band Power,Theta,Occipital,0.4645002133460882,limited_multilayer_evidence,Low,1,0.0001541677604189,0.1035544831678395,target_dissociated,0.0042180341234053,0.0045052947910133,0.9,0,46,0.0,0.0368857959541981,0,1.0,0,0.9086975917369357,0.4538454141205106,0.2869483992699156,0.7932458998098875,0.9,0.0,0.0,0,1
19,delta_parietal,Regional Band Power,Delta,Parietal,0.4584281565586073,limited_multilayer_evidence,Low,2,0.0041829227699469,0.1212282540480741,target_shared,0.0024990489715959,0.0049431207432994,1.0,0,46,0.0,0.0249069918475653,0,1.0,0,0.6214886304460292,0.5333487434642604,0.1598757943928029,0.7155790590699085,1.0,0.0,0.0,0,1
20,delta_frontoparietal_diff,Regional Difference / Ratio,Delta,Frontoparietal,0.4547606473365134,limited_multilayer_evidence,Low,1,0.0029074766612216,0.1362394741852295,target_shared,0.001944859825804,0.0038042037104204,0.9,0,46,0.0,0.026946277234943,0,1.0,0,0.5827241271031729,0.6008749090178988,0.1189084490516963,0.7288011513584973,0.9,0.0,0.0,0,1
21,gamma_parietal,Regional Band Power,Gamma,Parietal,0.4547090579222357,limited_multilayer_evidence,Low,2,1.0619820128413021e-07,0.1242595828151386,weak_cross_target_pattern,0.0059840039699558,0.0065404925825764,1.0,0,46,0.0,-0.0203232832690482,0,1.0,0,0.466558886075305,0.5469848107727167,0.4174942555266634,0.4223200206186189,1.0,0.0,0.0,0,0
22,theta_temporal,Regional Band Power,Theta,Temporal,0.4442358361471225,limited_multilayer_evidence,Low,2,5.245038754930327e-06,0.113538613324556,target_dissociated,0.0027532878753972,0.0039065458494627,0.7,0,46,0.0,0.0524349837315034,0,1.0,0,0.5827241271031729,0.4987578209543011,0.1786699065659773,0.8940619979767589,0.7,0.0,0.0,0,0
23,beta_frontoparietal_diff,Regional Difference / Ratio,Beta,Frontoparietal,0.4436549310067591,limited_multilayer_evidence,Low,1,0.0029946881408546,0.1295457666058473,weak_cross_target_pattern,0.0071649368344698,0.0073560628956703,0.7,0,46,0.0,-0.0121940926501793,0,1.0,0,0.6349833785131213,0.5707640717879372,0.5047924006681889,0.4750271646306853,0.7,0.0,0.0,0,0
24,delta_rel,Relative Band Power,Delta,Global / Mixed,0.4427877081476161,limited_multilayer_evidence,Low,1,1.1110858625283166e-08,0.208296811598445,weak_cross_target_pattern,0.0007158512910718,0.0012361910031705,0.9,0,46,0.0,-0.0307661169243311,0,1.0,0,0.9479616358853572,0.9250161614318564,0.0280564043087639,0.3546119346394964,0.9,0.0,0.0,0,0
25,delta_central,Regional Band Power,Delta,Central,0.4177430867271011,limited_multilayer_evidence,Low,1,0.0020622242878812,0.1334880864554219,target_shared,0.0003982105572552,0.0005051622937751,1.0,0,46,0.0,0.0068521908506547,0,1.0,0,0.6982259522172423,0.5884981227441852,0.0045754362395168,0.5985173439657571,1.0,0.0,0.0,0,0
26,theta_frontoparietal_ratio,Regional Difference / Ratio,Theta,Frontoparietal,0.4162455886824682,limited_multilayer_evidence,Low,1,0.0001240276747523,0.1436826853394754,target_dissociated,0.0015131245254845,0.0023848436794597,1.0,0,46,0.0,-0.0158554507689323,0,1.0,0,0.6905891322702242,0.6343572977950938,0.0869932639954159,0.4512880571730579,1.0,0.0,0.0,0,0
27,gamma_occipital,Regional Band Power,Gamma,Occipital,0.4014626468687269,limited_multilayer_evidence,Low,2,1.877013265290833e-17,0.121482354178585,weak_cross_target_pattern,0.0057535301373809,0.0094623447738502,0.8,0,46,0.0,-0.0332138527296109,0,1.0,0,0.5827241271031729,0.5344917822927704,0.4004569296192949,0.3387415768583766,0.8,0.0,0.0,0,0
28,gamma_frontoparietal_ratio,Regional Difference / Ratio,Gamma,Frontoparietal,0.3940185122507723,limited_multilayer_evidence,Low,2,0.0020622242878812,0.1110780447761194,target_shared,0.0009299386728895,0.0010375978008295,0.9,0,46,0.0,0.013496750907051,0,1.0,0,0.9086975917369357,0.4876892497362595,0.0438823939924215,0.6415986050911155,0.9,0.0,0.0,0,0
29,theta_frontoparietal_diff,Regional Difference / Ratio,Theta,Frontoparietal,0.3936403847765351,limited_multilayer_evidence,Low,2,0.000323467232544,0.0980979543414767,target_dissociated,0.0024888726169346,0.0033190165699001,0.9,0,46,0.0,0.0066881186657382,0,1.0,0,0.8955378083445141,0.4292998764819561,0.1591235273394143,0.5974535509408161,0.9,0.0,0.0,0,0
30,alpha_rel,Relative Band Power,Alpha,Global / Mixed,0.3914867507155776,limited_multilayer_evidence,Low,1,0.0001465080516652,0.1294403336185308,weak_cross_target_pattern,0.0004776984197269,0.0008967809712943,0.7,0,46,0.0,0.0239108045327995,0,1.0,0,0.9287087233441628,0.5702897941948236,0.0104514205258028,0.7091200903085559,0.7,0.0,0.0,0,0
31,theta_alpha_occipital_ratio,Frequency Ratio,Theta,Occipital,0.3848053023407292,limited_multilayer_evidence,Low,1,0.0288426366003303,0.056103224729366,target_preferential,0.0013420988694812,0.0014544808046511,0.9,0,46,0.0,0.049369511429232,0,1.0,0,0.5827241271031729,0.2403916439560266,0.0743505279099526,0.8741864288486599,0.9,0.0,0.0,0,0
32,alpha_frontal,Regional Band Power,Alpha,Frontal,0.3725426889913495,limited_multilayer_evidence,Low,1,0.0029946881408546,0.099496406033894,target_dissociated,0.0021939683097671,0.0030381821733048,0.9,0,46,0.0,-0.0074321937544608,0,1.0,0,0.8687825852408293,0.4355906429645021,0.137323305003686,0.5059018362474339,0.9,0.0,0.0,0,0
33,theta_alpha_parietal_ratio,Frequency Ratio,Theta,Parietal,0.3721162612767419,limited_multilayer_evidence,Low,1,0.0488369886158184,0.0563982204593509,target_dissociated,0.0045144717681179,0.0088670576145169,0.6000000000000001,0,46,0.0,0.0378613405217474,0,1.0,0,0.6982259522172423,0.2417186467125362,0.3088619705754091,0.7995710274176302,0.6000000000000001,0.0,0.0,0,0
34,delta_temporal,Regional Band Power,Delta,Temporal,0.3460133546092475,limited_multilayer_evidence,Low,1,0.0055163795352057,0.0468236166143879,target_shared,0.0016653490074815,0.0021545850685452,0.9,0,46,0.0,0.0238167171599136,0,1.0,0,0.5827241271031729,0.1986484446611264,0.0982461601784112,0.708510057041418,0.9,0.0,0.0,0,0
35,beta_frontoparietal_ratio,Regional Difference / Ratio,Beta,Frontoparietal,0.3340741752018699,limited_multilayer_evidence,Low,1,0.0085918631731332,0.0878939764907035,target_preferential,0.0044128902309478,0.0056429818899272,0.6,0,46,0.0,-0.0176319201442358,0,1.0,0,0.9086975917369357,0.3833985112790379,0.3013527547325388,0.4397699821780132,0.6,0.0,0.0,0,0
36,delta_frontoparietal_ratio,Regional Difference / Ratio,Delta,Frontoparietal,0.3316714628110774,limited_multilayer_evidence,Low,1,0.0459357547964619,0.0574309172897982,weak_cross_target_pattern,0.0030330416944707,0.0055052353971673,0.8,0,46,0.0,-0.0004685373283284,0,1.0,0,0.6982259522172423,0.2463641090068968,0.199350158793034,0.5510520190037321,0.8,0.0,0.0,0,0
37,beta_occipital,Regional Band Power,Beta,Occipital,0.316922334413427,limited_multilayer_evidence,Low,1,0.0140042952109003,0.0689181029967217,weak_cross_target_pattern,0.0011811024770591,0.0020136741714408,0.6,0,46,0.0,0.0224448348692571,0,1.0,0,0.7189541462024842,0.2980378301770465,0.0624491854583557,0.6996151988874709,0.6,0.0,0.0,0,0
38,delta_theta_ratio,Frequency Ratio,Delta,Global / Mixed,0.3105127440449416,limited_multilayer_evidence,Low,1,0.0001465080516652,0.0968475666364546,target_shared,0.0009875659959552,0.0012981074619103,0.8,0,46,0.0,-0.0276482225903109,0,1.0,0,0.929565001946991,0.4236751580110993,0.0481423807912285,0.3748273919196054,0.8,0.0,0.0,0,0
39,beta_central,Regional Band Power,Beta,Central,0.2938708763413481,limited_multilayer_evidence,Very Low,1,0.0055011199100795,0.0771164318879058,weak_cross_target_pattern,0.0021501764855749,0.0028029833809482,0.9,0,46,0.0,-0.0481929111765198,0,1.0,0,0.9086975917369357,0.3349170251332921,0.13408608031529,0.2416220199748354,0.9,0.0,0.0,0,0
40,gamma_central,Regional Band Power,Gamma,Central,0.2819772368624177,limited_multilayer_evidence,Very Low,1,0.0298705373269322,0.0350651750312705,weak_cross_target_pattern,0.0067983480610636,0.0117197976368876,1.0,0,46,0.0,-0.0854590445424619,0,1.0,0,0.5827241271031729,0.1457545116070719,0.4776930448032486,0.0,1.0,0.0,0.0,0,0
41,alpha_beta_occipital_ratio,Frequency Ratio,Alpha,Occipital,0.2701915681633744,limited_multilayer_evidence,Very Low,1,0.0064923061224597,0.078030347565542,target_dissociated,0.0003363159658412,0.0005874476720112,0.7,0,46,0.0,-0.0234306787068189,0,1.0,0,0.9287087233441628,0.3390281647199655,0.0,0.4021726349169153,0.7,0.0,0.0,0,0
42,beta_rel,Relative Band Power,Beta,Global / Mixed,0.4425572293985128,weak_evidence,Low,0,0.0624524551161886,0.0341803801682514,weak_cross_target_pattern,0.0106082600620509,0.0210441075745583,0.9,0,46,0.0,0.0072713237809621,0,1.0,0,0.7189541462024842,0.1417743684970957,0.7593333148244457,0.6012348715467487,0.9,0.0,0.0,0,0
43,gamma_abs,Absolute Band Power,Gamma,Global / Mixed,0.4129634841068493,weak_evidence,Low,0,0.091290198291162,0.0602417604193382,weak_cross_target_pattern,0.0076231290700134,0.0106007072412331,1.0,0,46,0.0,-0.0156849359110342,0,1.0,0,0.6982259522172423,0.2590083482343813,0.5386633627551579,0.4523936224861125,1.0,0.0,0.0,0,0
44,theta_alpha_frontal_ratio,Frequency Ratio,Theta,Frontal,0.4003668832113046,weak_evidence,Low,0,0.27700194077565,0.0186542458605755,weak_cross_target_pattern,0.0066850128870469,0.0132588922784737,0.9,0,46,0.0,0.0329310485056314,0,1.0,0,0.7639900899158508,0.0719319235733067,0.4693149644159123,0.7676045471739771,0.9,0.0,0.0,0,0
45,gamma_frontal,Regional Band Power,Gamma,Frontal,0.3850582758170721,weak_evidence,Low,0,0.6941613184779467,0.0266857335426586,weak_cross_target_pattern,0.0068434442582831,0.0080914867195881,1.0,0,46,0.0,0.0007864446779817,0,1.0,0,0.894145784023616,0.108060603447901,0.4810266927086468,0.5591889320668372,1.0,0.0,0.0,0,0
46,theta_alpha_ratio,Frequency Ratio,Theta,Global / Mixed,0.3722134487825845,weak_evidence,Low,0,0.3941173734800816,0.0136997910549058,weak_cross_target_pattern,0.0058340915162535,0.0113152107804942,0.8,0,46,0.0,0.0367859979548337,0,1.0,0,0.6982259522172423,0.0496449054376131,0.4064122714993907,0.7925988406165154,0.8,0.0,0.0,0,0
47,alpha_beta_temporal_ratio,Frequency Ratio,Alpha,Temporal,0.3499326252018956,weak_evidence,Low,0,0.6195672198226734,0.0080214744846278,weak_cross_target_pattern,0.0018276411525332,0.0033943159208096,0.9,0,46,0.0,0.0586398982992646,0,1.0,0,0.7639900899158508,0.0241016823493385,0.1102432886010192,0.9342927344717856,0.9,0.0,0.0,0,0
48,alpha_frontoparietal_diff,Regional Difference / Ratio,Alpha,Frontoparietal,0.336735488235609,weak_evidence,Low,0,0.0550740446736389,0.0643057311497376,target_dissociated,0.0017077766773523,0.0025032635060803,1.0,0,46,0.0,-0.0105506308357226,0,1.0,0,0.929565001946991,0.2772896310241021,0.1013825424349267,0.4856828599629907,1.0,0.0,0.0,0,0
49,delta_occipital,Regional Band Power,Delta,Occipital,0.3333621628450273,weak_evidence,Low,0,0.288006678655872,0.0174660790826604,target_shared,0.0019900991317369,0.0038235487419538,1.0,0,46,0.0,0.0242507614399765,0,1.0,0,0.6982259522172423,0.0665870984479833,0.1222526759879644,0.711324265177193,1.0,0.0,0.0,0,0
50,beta_frontal,Regional Band Power,Beta,Frontal,0.3303648433584232,weak_evidence,Low,0,0.4906610496685583,0.0111369292690498,weak_cross_target_pattern,0.0036736515652114,0.0043428944344239,1.0,0,46,0.0,0.0082334509011364,0,1.0,0,0.5827241271031729,0.0381161804131595,0.2467059866774876,0.607473004598179,1.0,0.0,0.0,0,0
51,gamma_rel,Relative Band Power,Gamma,Global / Mixed,0.3039555930078367,weak_evidence,Low,0,0.3147258418455821,0.0383588679762054,weak_cross_target_pattern,0.0068870528335955,0.0123113633174489,0.7,0,46,0.0,-0.0376754290775655,0,1.0,0,0.5827241271031729,0.1605707925656078,0.4842503710831188,0.3098141032490553,0.7,0.0,0.0,0,0
52,theta_alpha_central_ratio,Frequency Ratio,Theta,Central,0.2897969113766087,weak_evidence,Very Low,0,0.8787550533952064,0.0026636156982537,weak_cross_target_pattern,0.0024272283492597,0.0044926506148036,0.8,0,46,0.0,0.0216432483381679,0,1.0,0,0.9287087233441628,0.0,0.1545665957912004,0.694417961091843,0.8,0.0,0.0,0,0
53,theta_alpha_temporal_ratio,Frequency Ratio,Theta,Temporal,0.2603719168155046,weak_evidence,Very Low,0,0.2325156448518141,0.0205651245509221,weak_cross_target_pattern,0.0014346148991075,0.002456881928861,0.5,0,46,0.0,0.0294462602360166,0,1.0,0,0.8955378083445141,0.0805277811797035,0.0811895938932283,0.7450102637096655,0.5,0.0,0.0,0,0
54,alpha_occipital,Regional Band Power,Alpha,Occipital,0.2528323617834914,weak_evidence,Very Low,0,0.4467871442454787,0.0299271492552854,target_shared,0.0019089796640454,0.003720957479164,0.8,0,46,0.0,-0.0245980783804836,0,1.0,0,0.9086975917369357,0.1226417215741508,0.1162560784868456,0.3946035784629231,0.8,0.0,0.0,0,0
55,alpha_frontoparietal_ratio,Regional Difference / Ratio,Alpha,Frontoparietal,0.2363280375990398,weak_evidence,Very Low,0,0.115737511894209,0.0512989091636434,weak_cross_target_pattern,0.000581563761092,0.0008866539510294,0.7,0,46,0.0,-0.0291584241714231,0,1.0,0,0.6982259522172423,0.2187800091056445,0.0181294621132026,0.3650357144999407,0.7,0.0,0.0,0,0
