subject,run,v5_file,events_file,status,epochs,bids_events,matched,unmatched,remember,ignore,probe_target,probe_not_shown,work_memory,structure_ok
sub-001,1,sub-001_run-01_harmonized_epo.fif,C:\Users\Ali\Desktop\BrainPerturbationProject\data\sub-001\ses-01\eeg\sub-001_ses-01_task-WorkingMemory_run-1_events.tsv,PASS,258.0,350.0,258.0,0.0,115.0,70.0,9.0,6.0,21.0,True
sub-001,2,sub-001_run-02_harmonized_epo.fif,C:\Users\Ali\Desktop\BrainPerturbationProject\data\sub-001\ses-01\eeg\sub-001_ses-01_task-WorkingMemory_run-2_events.tsv,MISSING_EVENTS_FILE,,,,,,,,,,
sub-002,1,sub-002_run-01_harmonized_epo.fif,C:\Users\Ali\Desktop\BrainPerturbationProject\data\sub-002\ses-01\eeg\sub-002_ses-01_task-WorkingMemory_run-1_events.tsv,PASS,295.0,350.0,295.0,0.0,118.0,69.0,14.0,9.0,20.0,True
sub-002,2,sub-002_run-02_harmonized_epo.fif,C:\Users\Ali\Desktop\BrainPerturbationProject\data\sub-002\ses-01\eeg\sub-002_ses-01_task-WorkingMemory_run-2_events.tsv,PASS,321.0,350.0,321.0,0.0,121.0,74.0,14.0,10.0,23.0,True
sub-002,3,sub-002_run-03_harmonized_epo.fif,C:\Users\Ali\Desktop\BrainPerturbationProject\data\sub-002\ses-01\eeg\sub-002_ses-01_task-WorkingMemory_run-3_events.tsv,PASS,290.0,350.0,290.0,0.0,117.0,67.0,14.0,7.0,20.0,True
sub-002,4,sub-002_run-04_harmonized_epo.fif,C:\Users\Ali\Desktop\BrainPerturbationProject\data\sub-002\ses-01\eeg\sub-002_ses-01_task-WorkingMemory_run-4_events.tsv,PASS,287.0,350.0,287.0,0.0,119.0,71.0,9.0,14.0,24.0,True
sub-003,1,sub-003_run-01_harmonized_epo.fif,C:\Users\Ali\Desktop\BrainPerturbationProject\data\sub-003\ses-01\eeg\sub-003_ses-01_task-WorkingMemory_run-1_events.tsv,PASS,278.0,350.0,278.0,0.0,101.0,57.0,14.0,9.0,19.0,True
sub-003,2,sub-003_run-02_harmonized_epo.fif,C:\Users\Ali\Desktop\BrainPerturbationProject\data\sub-003\ses-01\eeg\sub-003_ses-01_task-WorkingMemory_run-2_events.tsv,PASS,286.0,350.0,286.0,0.0,105.0,64.0,11.0,9.0,15.0,True
sub-003,3,sub-003_run-03_harmonized_epo.fif,C:\Users\Ali\Desktop\BrainPerturbationProject\data\sub-003\ses-01\eeg\sub-003_ses-01_task-WorkingMemory_run-3_events.tsv,PASS,321.0,351.0,321.0,0.0,117.0,70.0,13.0,10.0,18.0,True
sub-003,4,sub-003_run-04_harmonized_epo.fif,C:\Users\Ali\Desktop\BrainPerturbationProject\data\sub-003\ses-01\eeg\sub-003_ses-01_task-WorkingMemory_run-4_events.tsv,PASS,302.0,350.0,302.0,0.0,111.0,64.0,10.0,15.0,23.0,True
sub-004,1,sub-004_run-01_harmonized_epo.fif,C:\Users\Ali\Desktop\BrainPerturbationProject\data\sub-004\ses-01\eeg\sub-004_ses-01_task-WorkingMemory_run-1_events.tsv,PASS,119.0,350.0,119.0,0.0,62.0,27.0,2.0,3.0,4.0,True
sub-004,3,sub-004_run-03_harmonized_epo.fif,C:\Users\Ali\Desktop\BrainPerturbationProject\data\sub-004\ses-01\eeg\sub-004_ses-01_task-WorkingMemory_run-3_events.tsv,PASS,323.0,350.0,323.0,0.0,121.0,70.0,13.0,9.0,24.0,True
sub-004,4,sub-004_run-04_harmonized_epo.fif,C:\Users\Ali\Desktop\BrainPerturbationProject\data\sub-004\ses-01\eeg\sub-004_ses-01_task-WorkingMemory_run-4_events.tsv,PASS,338.0,352.0,338.0,0.0,124.0,72.0,10.0,14.0,22.0,True
sub-005,1,sub-005_run-01_harmonized_epo.fif,C:\Users\Ali\Desktop\BrainPerturbationProject\data\sub-005\ses-01\eeg\sub-005_ses-01_task-WorkingMemory_run-1_events.tsv,PASS,323.0,325.0,323.0,0.0,125.0,75.0,15.0,10.0,25.0,True
sub-005,2,sub-005_run-02_harmonized_epo.fif,C:\Users\Ali\Desktop\BrainPerturbationProject\data\sub-005\ses-01\eeg\sub-005_ses-01_task-WorkingMemory_run-2_events.tsv,PASS,323.0,325.0,323.0,0.0,123.0,77.0,14.0,11.0,25.0,True
sub-005,3,sub-005_run-03_harmonized_epo.fif,C:\Users\Ali\Desktop\BrainPerturbationProject\data\sub-005\ses-01\eeg\sub-005_ses-01_task-WorkingMemory_run-3_events.tsv,PASS,325.0,325.0,325.0,0.0,127.0,73.0,15.0,10.0,25.0,True
sub-005,4,sub-005_run-04_harmonized_epo.fif,C:\Users\Ali\Desktop\BrainPerturbationProject\data\sub-005\ses-01\eeg\sub-005_ses-01_task-WorkingMemory_run-4_events.tsv,PASS,325.0,325.0,325.0,0.0,125.0,75.0,10.0,15.0,25.0,True
sub-006,1,sub-006_run-01_harmonized_epo.fif,C:\Users\Ali\Desktop\BrainPerturbationProject\data\sub-006\ses-01\eeg\sub-006_ses-01_task-WorkingMemory_run-1_events.tsv,PASS,98.0,310.0,98.0,0.0,52.0,23.0,9.0,3.0,2.0,True
sub-006,2,sub-006_run-02_harmonized_epo.fif,C:\Users\Ali\Desktop\BrainPerturbationProject\data\sub-006\ses-01\eeg\sub-006_ses-01_task-WorkingMemory_run-2_events.tsv,PASS,56.0,350.0,56.0,0.0,29.0,10.0,5.0,3.0,0.0,True
sub-006,3,sub-006_run-03_harmonized_epo.fif,C:\Users\Ali\Desktop\BrainPerturbationProject\data\sub-006\ses-01\eeg\sub-006_ses-01_task-WorkingMemory_run-3_events.tsv,PASS,53.0,349.0,53.0,0.0,34.0,1.0,5.0,3.0,0.0,True
sub-006,4,sub-006_run-04_harmonized_epo.fif,C:\Users\Ali\Desktop\BrainPerturbationProject\data\sub-006\ses-01\eeg\sub-006_ses-01_task-WorkingMemory_run-4_events.tsv,PASS,33.0,350.0,33.0,0.0,16.0,2.0,3.0,6.0,0.0,True
sub-007,1,sub-007_run-01_harmonized_epo.fif,C:\Users\Ali\Desktop\BrainPerturbationProject\data\sub-007\ses-01\eeg\sub-007_ses-01_task-WorkingMemory_run-1_events.tsv,PASS,194.0,349.0,194.0,0.0,91.0,46.0,8.0,9.0,22.0,True
sub-007,2,sub-007_run-02_harmonized_epo.fif,C:\Users\Ali\Desktop\BrainPerturbationProject\data\sub-007\ses-01\eeg\sub-007_ses-01_task-WorkingMemory_run-2_events.tsv,PASS,237.0,346.0,237.0,0.0,106.0,65.0,12.0,10.0,24.0,True
sub-007,3,sub-007_run-03_harmonized_epo.fif,C:\Users\Ali\Desktop\BrainPerturbationProject\data\sub-007\ses-01\eeg\sub-007_ses-01_task-WorkingMemory_run-3_events.tsv,PASS,260.0,348.0,260.0,0.0,120.0,67.0,15.0,10.0,23.0,True
sub-007,4,sub-007_run-04_harmonized_epo.fif,C:\Users\Ali\Desktop\BrainPerturbationProject\data\sub-007\ses-01\eeg\sub-007_ses-01_task-WorkingMemory_run-4_events.tsv,PASS,260.0,348.0,260.0,0.0,116.0,70.0,10.0,15.0,25.0,True
sub-008,1,sub-008_run-01_harmonized_epo.fif,C:\Users\Ali\Desktop\BrainPerturbationProject\data\sub-008\ses-01\eeg\sub-008_ses-01_task-WorkingMemory_run-1_events.tsv,PASS,188.0,340.0,188.0,0.0,63.0,42.0,7.0,6.0,13.0,True
sub-008,2,sub-008_run-02_harmonized_epo.fif,C:\Users\Ali\Desktop\BrainPerturbationProject\data\sub-008\ses-01\eeg\sub-008_ses-01_task-WorkingMemory_run-2_events.tsv,PASS,249.0,350.0,249.0,0.0,88.0,53.0,11.0,8.0,20.0,True
sub-008,3,sub-008_run-03_harmonized_epo.fif,C:\Users\Ali\Desktop\BrainPerturbationProject\data\sub-008\ses-01\eeg\sub-008_ses-01_task-WorkingMemory_run-3_events.tsv,PASS,327.0,350.0,327.0,0.0,121.0,72.0,15.0,10.0,24.0,True
sub-008,4,sub-008_run-04_harmonized_epo.fif,C:\Users\Ali\Desktop\BrainPerturbationProject\data\sub-008\ses-01\eeg\sub-008_ses-01_task-WorkingMemory_run-4_events.tsv,PASS,319.0,350.0,319.0,0.0,114.0,71.0,10.0,15.0,23.0,True
sub-009,1,sub-009_run-01_harmonized_epo.fif,C:\Users\Ali\Desktop\BrainPerturbationProject\data\sub-009\ses-01\eeg\sub-009_ses-01_task-WorkingMemory_run-1_events.tsv,PASS,336.0,350.0,336.0,0.0,123.0,72.0,12.0,10.0,25.0,True
sub-009,2,sub-009_run-02_harmonized_epo.fif,C:\Users\Ali\Desktop\BrainPerturbationProject\data\sub-009\ses-01\eeg\sub-009_ses-01_task-WorkingMemory_run-2_events.tsv,PASS,328.0,350.0,328.0,0.0,120.0,70.0,13.0,8.0,24.0,True
sub-009,3,sub-009_run-03_harmonized_epo.fif,C:\Users\Ali\Desktop\BrainPerturbationProject\data\sub-009\ses-01\eeg\sub-009_ses-01_task-WorkingMemory_run-3_events.tsv,PASS,321.0,350.0,321.0,0.0,121.0,69.0,12.0,10.0,23.0,True
sub-009,4,sub-009_run-04_harmonized_epo.fif,C:\Users\Ali\Desktop\BrainPerturbationProject\data\sub-009\ses-01\eeg\sub-009_ses-01_task-WorkingMemory_run-4_events.tsv,PASS,351.0,351.0,351.0,0.0,125.0,75.0,10.0,15.0,25.0,True
sub-010,1,sub-010_run-01_harmonized_epo.fif,C:\Users\Ali\Desktop\BrainPerturbationProject\data\sub-010\ses-01\eeg\sub-010_ses-01_task-WorkingMemory_run-1_events.tsv,PASS,288.0,350.0,288.0,0.0,121.0,69.0,12.0,7.0,19.0,True
sub-010,2,sub-010_run-02_harmonized_epo.fif,C:\Users\Ali\Desktop\BrainPerturbationProject\data\sub-010\ses-01\eeg\sub-010_ses-01_task-WorkingMemory_run-2_events.tsv,PASS,249.0,350.0,249.0,0.0,105.0,60.0,9.0,10.0,25.0,True
sub-010,3,sub-010_run-03_harmonized_epo.fif,C:\Users\Ali\Desktop\BrainPerturbationProject\data\sub-010\ses-01\eeg\sub-010_ses-01_task-WorkingMemory_run-3_events.tsv,PASS,234.0,350.0,234.0,0.0,108.0,54.0,9.0,6.0,22.0,True
sub-010,4,sub-010_run-04_harmonized_epo.fif,C:\Users\Ali\Desktop\BrainPerturbationProject\data\sub-010\ses-01\eeg\sub-010_ses-01_task-WorkingMemory_run-4_events.tsv,PASS,225.0,350.0,225.0,0.0,97.0,60.0,2.0,8.0,22.0,True
sub-011,1,sub-011_run-01_harmonized_epo.fif,C:\Users\Ali\Desktop\BrainPerturbationProject\data\sub-011\ses-01\eeg\sub-011_ses-01_task-WorkingMemory_run-1_events.tsv,PASS,350.0,350.0,350.0,0.0,125.0,75.0,15.0,10.0,25.0,True
sub-011,2,sub-011_run-02_harmonized_epo.fif,C:\Users\Ali\Desktop\BrainPerturbationProject\data\sub-011\ses-01\eeg\sub-011_ses-01_task-WorkingMemory_run-2_events.tsv,PASS,349.0,350.0,349.0,0.0,123.0,77.0,14.0,11.0,25.0,True
sub-011,3,sub-011_run-03_harmonized_epo.fif,C:\Users\Ali\Desktop\BrainPerturbationProject\data\sub-011\ses-01\eeg\sub-011_ses-01_task-WorkingMemory_run-3_events.tsv,PASS,350.0,350.0,350.0,0.0,127.0,73.0,15.0,10.0,25.0,True
sub-011,4,sub-011_run-04_harmonized_epo.fif,C:\Users\Ali\Desktop\BrainPerturbationProject\data\sub-011\ses-01\eeg\sub-011_ses-01_task-WorkingMemory_run-4_events.tsv,PASS,348.0,350.0,348.0,0.0,125.0,75.0,10.0,15.0,25.0,True
sub-012,1,sub-012_run-01_harmonized_epo.fif,C:\Users\Ali\Desktop\BrainPerturbationProject\data\sub-012\ses-01\eeg\sub-012_ses-01_task-WorkingMemory_run-1_events.tsv,PASS,194.0,350.0,194.0,0.0,82.0,39.0,15.0,10.0,2.0,True
sub-012,2,sub-012_run-02_harmonized_epo.fif,C:\Users\Ali\Desktop\BrainPerturbationProject\data\sub-012\ses-01\eeg\sub-012_ses-01_task-WorkingMemory_run-2_events.tsv,PASS,160.0,350.0,160.0,0.0,66.0,31.0,13.0,11.0,2.0,True
sub-012,3,sub-012_run-03_harmonized_epo.fif,C:\Users\Ali\Desktop\BrainPerturbationProject\data\sub-012\ses-01\eeg\sub-012_ses-01_task-WorkingMemory_run-3_events.tsv,PASS,174.0,350.0,174.0,0.0,62.0,39.0,15.0,10.0,0.0,True
sub-014,1,sub-014_run-01_harmonized_epo.fif,C:\Users\Ali\Desktop\BrainPerturbationProject\data\sub-014\ses-01\eeg\sub-014_ses-01_task-WorkingMemory_run-1_events.tsv,PASS,331.0,340.0,331.0,0.0,118.0,73.0,14.0,10.0,24.0,True
sub-014,2,sub-014_run-02_harmonized_epo.fif,C:\Users\Ali\Desktop\BrainPerturbationProject\data\sub-014\ses-01\eeg\sub-014_ses-01_task-WorkingMemory_run-2_events.tsv,PASS,328.0,337.0,328.0,0.0,118.0,65.0,13.0,10.0,23.0,True
sub-014,3,sub-014_run-03_harmonized_epo.fif,C:\Users\Ali\Desktop\BrainPerturbationProject\data\sub-014\ses-01\eeg\sub-014_ses-01_task-WorkingMemory_run-3_events.tsv,PASS,332.0,340.0,332.0,0.0,120.0,68.0,10.0,14.0,24.0,True
sub-015,1,sub-015_run-01_harmonized_epo.fif,C:\Users\Ali\Desktop\BrainPerturbationProject\data\sub-015\ses-01\eeg\sub-015_ses-01_task-WorkingMemory_run-1_events.tsv,PASS,134.0,350.0,134.0,0.0,83.0,13.0,15.0,7.0,2.0,True
sub-015,2,sub-015_run-02_harmonized_epo.fif,C:\Users\Ali\Desktop\BrainPerturbationProject\data\sub-015\ses-01\eeg\sub-015_ses-01_task-WorkingMemory_run-2_events.tsv,PASS,143.0,350.0,143.0,0.0,63.0,20.0,14.0,10.0,1.0,True
sub-015,3,sub-015_run-03_harmonized_epo.fif,C:\Users\Ali\Desktop\BrainPerturbationProject\data\sub-015\ses-01\eeg\sub-015_ses-01_task-WorkingMemory_run-3_events.tsv,PASS,99.0,340.0,99.0,0.0,44.0,2.0,14.0,10.0,1.0,True
sub-016,1,sub-016_run-01_harmonized_epo.fif,C:\Users\Ali\Desktop\BrainPerturbationProject\data\sub-016\ses-01\eeg\sub-016_ses-01_task-WorkingMemory_run-1_events.tsv,PASS,183.0,350.0,183.0,0.0,71.0,53.0,11.0,6.0,21.0,True
sub-016,2,sub-016_run-02_harmonized_epo.fif,C:\Users\Ali\Desktop\BrainPerturbationProject\data\sub-016\ses-01\eeg\sub-016_ses-01_task-WorkingMemory_run-2_events.tsv,PASS,159.0,350.0,159.0,0.0,62.0,51.0,9.0,7.0,18.0,True
sub-016,3,sub-016_run-03_harmonized_epo.fif,C:\Users\Ali\Desktop\BrainPerturbationProject\data\sub-016\ses-01\eeg\sub-016_ses-01_task-WorkingMemory_run-3_events.tsv,PASS,165.0,350.0,165.0,0.0,67.0,44.0,11.0,6.0,21.0,True
sub-017,1,sub-017_run-01_harmonized_epo.fif,C:\Users\Ali\Desktop\BrainPerturbationProject\data\sub-017\ses-01\eeg\sub-017_ses-01_task-WorkingMemory_run-1_events.tsv,PASS,121.0,350.0,121.0,0.0,35.0,24.0,3.0,2.0,5.0,True
sub-017,2,sub-017_run-02_harmonized_epo.fif,C:\Users\Ali\Desktop\BrainPerturbationProject\data\sub-017\ses-01\eeg\sub-017_ses-01_task-WorkingMemory_run-2_events.tsv,PASS,184.0,350.0,184.0,0.0,65.0,39.0,10.0,6.0,7.0,True
sub-017,3,sub-017_run-03_harmonized_epo.fif,C:\Users\Ali\Desktop\BrainPerturbationProject\data\sub-017\ses-01\eeg\sub-017_ses-01_task-WorkingMemory_run-3_events.tsv,PASS,193.0,330.0,193.0,0.0,71.0,42.0,6.0,6.0,6.0,True
sub-018,1,sub-018_run-01_harmonized_epo.fif,C:\Users\Ali\Desktop\BrainPerturbationProject\data\sub-018\ses-01\eeg\sub-018_ses-01_task-WorkingMemory_run-1_events.tsv,PASS,283.0,350.0,283.0,0.0,104.0,60.0,12.0,9.0,20.0,True
sub-018,2,sub-018_run-02_harmonized_epo.fif,C:\Users\Ali\Desktop\BrainPerturbationProject\data\sub-018\ses-01\eeg\sub-018_ses-01_task-WorkingMemory_run-2_events.tsv,PASS,347.0,350.0,347.0,0.0,121.0,77.0,14.0,11.0,25.0,True
sub-018,3,sub-018_run-03_harmonized_epo.fif,C:\Users\Ali\Desktop\BrainPerturbationProject\data\sub-018\ses-01\eeg\sub-018_ses-01_task-WorkingMemory_run-3_events.tsv,PASS,346.0,350.0,346.0,0.0,126.0,73.0,15.0,10.0,25.0,True
sub-019,1,sub-019_run-01_harmonized_epo.fif,C:\Users\Ali\Desktop\BrainPerturbationProject\data\sub-019\ses-01\eeg\sub-019_ses-01_task-WorkingMemory_run-1_events.tsv,PASS,348.0,350.0,348.0,0.0,125.0,75.0,15.0,10.0,25.0,True
sub-019,2,sub-019_run-02_harmonized_epo.fif,C:\Users\Ali\Desktop\BrainPerturbationProject\data\sub-019\ses-01\eeg\sub-019_ses-01_task-WorkingMemory_run-2_events.tsv,PASS,341.0,350.0,341.0,0.0,123.0,77.0,14.0,11.0,25.0,True
sub-019,3,sub-019_run-03_harmonized_epo.fif,C:\Users\Ali\Desktop\BrainPerturbationProject\data\sub-019\ses-01\eeg\sub-019_ses-01_task-WorkingMemory_run-3_events.tsv,PASS,337.0,350.0,337.0,0.0,125.0,72.0,15.0,9.0,25.0,True
sub-020,1,sub-020_run-01_harmonized_epo.fif,C:\Users\Ali\Desktop\BrainPerturbationProject\data\sub-020\ses-01\eeg\sub-020_ses-01_task-WorkingMemory_run-1_events.tsv,PASS,340.0,350.0,340.0,0.0,124.0,75.0,15.0,10.0,21.0,True
sub-020,2,sub-020_run-02_harmonized_epo.fif,C:\Users\Ali\Desktop\BrainPerturbationProject\data\sub-020\ses-01\eeg\sub-020_ses-01_task-WorkingMemory_run-2_events.tsv,PASS,307.0,350.0,307.0,0.0,121.0,76.0,10.0,8.0,19.0,True
sub-020,3,sub-020_run-03_harmonized_epo.fif,C:\Users\Ali\Desktop\BrainPerturbationProject\data\sub-020\ses-01\eeg\sub-020_ses-01_task-WorkingMemory_run-3_events.tsv,PASS,334.0,350.0,334.0,0.0,127.0,73.0,15.0,10.0,25.0,True
sub-021,1,sub-021_run-01_harmonized_epo.fif,C:\Users\Ali\Desktop\BrainPerturbationProject\data\sub-021\ses-01\eeg\sub-021_ses-01_task-WorkingMemory_run-1_events.tsv,PASS,328.0,350.0,328.0,0.0,124.0,75.0,15.0,10.0,24.0,True
sub-021,2,sub-021_run-02_harmonized_epo.fif,C:\Users\Ali\Desktop\BrainPerturbationProject\data\sub-021\ses-01\eeg\sub-021_ses-01_task-WorkingMemory_run-2_events.tsv,PASS,333.0,351.0,333.0,0.0,123.0,77.0,14.0,11.0,24.0,True
sub-021,3,sub-021_run-03_harmonized_epo.fif,C:\Users\Ali\Desktop\BrainPerturbationProject\data\sub-021\ses-01\eeg\sub-021_ses-01_task-WorkingMemory_run-3_events.tsv,PASS,298.0,350.0,298.0,0.0,111.0,69.0,14.0,8.0,18.0,True
sub-022,1,sub-022_run-01_harmonized_epo.fif,C:\Users\Ali\Desktop\BrainPerturbationProject\data\sub-022\ses-01\eeg\sub-022_ses-01_task-WorkingMemory_run-1_events.tsv,PASS,307.0,307.0,307.0,0.0,103.0,65.0,12.0,9.0,21.0,True
sub-022,2,sub-022_run-02_harmonized_epo.fif,C:\Users\Ali\Desktop\BrainPerturbationProject\data\sub-022\ses-01\eeg\sub-022_ses-01_task-WorkingMemory_run-2_events.tsv,PASS,195.0,195.0,195.0,0.0,65.0,39.0,7.0,6.0,13.0,True
sub-022,3,sub-022_run-03_harmonized_epo.fif,C:\Users\Ali\Desktop\BrainPerturbationProject\data\sub-022\ses-01\eeg\sub-022_ses-01_task-WorkingMemory_run-3_events.tsv,PASS,350.0,350.0,350.0,0.0,127.0,73.0,15.0,10.0,25.0,True
sub-022,4,sub-022_run-04_harmonized_epo.fif,C:\Users\Ali\Desktop\BrainPerturbationProject\data\sub-022\ses-01\eeg\sub-022_ses-01_task-WorkingMemory_run-4_events.tsv,PASS,350.0,350.0,350.0,0.0,125.0,75.0,10.0,15.0,25.0,True
sub-022,5,sub-022_run-05_harmonized_epo.fif,C:\Users\Ali\Desktop\BrainPerturbationProject\data\sub-022\ses-01\eeg\sub-022_ses-01_task-WorkingMemory_run-5_events.tsv,PASS,350.0,350.0,350.0,0.0,125.0,75.0,15.0,10.0,25.0,True
sub-022,6,sub-022_run-06_harmonized_epo.fif,C:\Users\Ali\Desktop\BrainPerturbationProject\data\sub-022\ses-01\eeg\sub-022_ses-01_task-WorkingMemory_run-6_events.tsv,PASS,340.0,340.0,340.0,0.0,120.0,72.0,14.0,10.0,24.0,True
sub-023,1,sub-023_run-01_harmonized_epo.fif,C:\Users\Ali\Desktop\BrainPerturbationProject\data\sub-023\ses-01\eeg\sub-023_ses-01_task-WorkingMemory_run-1_events.tsv,PASS,351.0,351.0,351.0,0.0,125.0,75.0,15.0,10.0,25.0,True
sub-023,2,sub-023_run-02_harmonized_epo.fif,C:\Users\Ali\Desktop\BrainPerturbationProject\data\sub-023\ses-01\eeg\sub-023_ses-01_task-WorkingMemory_run-2_events.tsv,PASS,350.0,350.0,350.0,0.0,123.0,77.0,14.0,11.0,25.0,True
sub-023,3,sub-023_run-03_harmonized_epo.fif,C:\Users\Ali\Desktop\BrainPerturbationProject\data\sub-023\ses-01\eeg\sub-023_ses-01_task-WorkingMemory_run-3_events.tsv,PASS,350.0,350.0,350.0,0.0,127.0,73.0,15.0,10.0,25.0,True
sub-023,4,sub-023_run-04_harmonized_epo.fif,C:\Users\Ali\Desktop\BrainPerturbationProject\data\sub-023\ses-01\eeg\sub-023_ses-01_task-WorkingMemory_run-4_events.tsv,PASS,350.0,350.0,350.0,0.0,125.0,75.0,10.0,15.0,25.0,True
sub-023,5,sub-023_run-05_harmonized_epo.fif,C:\Users\Ali\Desktop\BrainPerturbationProject\data\sub-023\ses-01\eeg\sub-023_ses-01_task-WorkingMemory_run-5_events.tsv,PASS,350.0,350.0,350.0,0.0,125.0,75.0,15.0,10.0,25.0,True
sub-024,1,sub-024_run-01_harmonized_epo.fif,C:\Users\Ali\Desktop\BrainPerturbationProject\data\sub-024\ses-01\eeg\sub-024_ses-01_task-WorkingMemory_run-1_events.tsv,PASS,155.0,350.0,155.0,0.0,72.0,36.0,11.0,7.0,14.0,True
sub-024,2,sub-024_run-02_harmonized_epo.fif,C:\Users\Ali\Desktop\BrainPerturbationProject\data\sub-024\ses-01\eeg\sub-024_ses-01_task-WorkingMemory_run-2_events.tsv,PASS,85.0,350.0,85.0,0.0,34.0,22.0,7.0,5.0,7.0,True
sub-024,3,sub-024_run-03_harmonized_epo.fif,C:\Users\Ali\Desktop\BrainPerturbationProject\data\sub-024\ses-01\eeg\sub-024_ses-01_task-WorkingMemory_run-3_events.tsv,PASS,77.0,350.0,77.0,0.0,33.0,9.0,6.0,7.0,6.0,True
