subject,file,fdt_file,channels,samples,sampling_rate,duration_sec,global_std,scale_flag,flat_channels,extreme_channels,flagged_bad_channels,eog_channels,ica_components,ica_excluded,excluded_components,status,preprocessed_file,ica_file
sub-001,sub-001_ses-01_task-WorkingMemory_run-1_eeg.set,sub-001_ses-01_task-WorkingMemory_run-1_eeg.fdt,71,163238,250.0,652.952,50.63671112060547,NORMAL_RANGE,0,3,3,2,30,0,,OK,C:\Users\Ali\Desktop\BrainPerturbationProject\qc\preprocessed\sub-001_ses-01_task-WorkingMemory_run-1_eeg_preprocessed_raw.fif,C:\Users\Ali\Desktop\BrainPerturbationProject\qc\preprocessing_qc\sub-001_ses-01_task-WorkingMemory_run-1_eeg-ica.fif
sub-001,sub-001_ses-01_task-WorkingMemory_run-2_eeg.set,sub-001_ses-01_task-WorkingMemory_run-2_eeg.fdt,71,153762,250.0,615.048,34.30708694458008,NORMAL_RANGE,0,0,0,2,30,0,,OK,C:\Users\Ali\Desktop\BrainPerturbationProject\qc\preprocessed\sub-001_ses-01_task-WorkingMemory_run-2_eeg_preprocessed_raw.fif,C:\Users\Ali\Desktop\BrainPerturbationProject\qc\preprocessing_qc\sub-001_ses-01_task-WorkingMemory_run-2_eeg-ica.fif
sub-002,sub-002_ses-01_task-WorkingMemory_run-1_eeg.set,sub-002_ses-01_task-WorkingMemory_run-1_eeg.fdt,71,181121,250.0,724.484,51.58069610595703,NORMAL_RANGE,0,1,1,2,30,0,,OK,C:\Users\Ali\Desktop\BrainPerturbationProject\qc\preprocessed\sub-002_ses-01_task-WorkingMemory_run-1_eeg_preprocessed_raw.fif,C:\Users\Ali\Desktop\BrainPerturbationProject\qc\preprocessing_qc\sub-002_ses-01_task-WorkingMemory_run-1_eeg-ica.fif
sub-002,sub-002_ses-01_task-WorkingMemory_run-2_eeg.set,sub-002_ses-01_task-WorkingMemory_run-2_eeg.fdt,71,190745,250.0,762.98,61.8422737121582,NORMAL_RANGE,0,0,0,2,30,2,"14,17",OK,C:\Users\Ali\Desktop\BrainPerturbationProject\qc\preprocessed\sub-002_ses-01_task-WorkingMemory_run-2_eeg_preprocessed_raw.fif,C:\Users\Ali\Desktop\BrainPerturbationProject\qc\preprocessing_qc\sub-002_ses-01_task-WorkingMemory_run-2_eeg-ica.fif
sub-002,sub-002_ses-01_task-WorkingMemory_run-3_eeg.set,sub-002_ses-01_task-WorkingMemory_run-3_eeg.fdt,71,191226,250.0,764.904,64.39605712890625,NORMAL_RANGE,0,0,0,2,30,0,,OK,C:\Users\Ali\Desktop\BrainPerturbationProject\qc\preprocessed\sub-002_ses-01_task-WorkingMemory_run-3_eeg_preprocessed_raw.fif,C:\Users\Ali\Desktop\BrainPerturbationProject\qc\preprocessing_qc\sub-002_ses-01_task-WorkingMemory_run-3_eeg-ica.fif
sub-002,sub-002_ses-01_task-WorkingMemory_run-4_eeg.set,sub-002_ses-01_task-WorkingMemory_run-4_eeg.fdt,71,181354,250.0,725.416,63.6292724609375,NORMAL_RANGE,0,0,0,2,30,3,"12,19,20",OK,C:\Users\Ali\Desktop\BrainPerturbationProject\qc\preprocessed\sub-002_ses-01_task-WorkingMemory_run-4_eeg_preprocessed_raw.fif,C:\Users\Ali\Desktop\BrainPerturbationProject\qc\preprocessing_qc\sub-002_ses-01_task-WorkingMemory_run-4_eeg-ica.fif
sub-003,sub-003_ses-01_task-WorkingMemory_run-1_eeg.set,sub-003_ses-01_task-WorkingMemory_run-1_eeg.fdt,71,181791,250.0,727.164,45.512939453125,NORMAL_RANGE,0,1,1,2,30,0,,OK,C:\Users\Ali\Desktop\BrainPerturbationProject\qc\preprocessed\sub-003_ses-01_task-WorkingMemory_run-1_eeg_preprocessed_raw.fif,C:\Users\Ali\Desktop\BrainPerturbationProject\qc\preprocessing_qc\sub-003_ses-01_task-WorkingMemory_run-1_eeg-ica.fif
sub-003,sub-003_ses-01_task-WorkingMemory_run-2_eeg.set,sub-003_ses-01_task-WorkingMemory_run-2_eeg.fdt,71,195999,250.0,783.996,84.80831146240234,NORMAL_RANGE,0,4,4,2,30,0,,OK,C:\Users\Ali\Desktop\BrainPerturbationProject\qc\preprocessed\sub-003_ses-01_task-WorkingMemory_run-2_eeg_preprocessed_raw.fif,C:\Users\Ali\Desktop\BrainPerturbationProject\qc\preprocessing_qc\sub-003_ses-01_task-WorkingMemory_run-2_eeg-ica.fif
sub-003,sub-003_ses-01_task-WorkingMemory_run-3_eeg.set,sub-003_ses-01_task-WorkingMemory_run-3_eeg.fdt,71,196085,250.0,784.34,70.58087921142578,NORMAL_RANGE,0,7,7,2,30,0,,OK,C:\Users\Ali\Desktop\BrainPerturbationProject\qc\preprocessed\sub-003_ses-01_task-WorkingMemory_run-3_eeg_preprocessed_raw.fif,C:\Users\Ali\Desktop\BrainPerturbationProject\qc\preprocessing_qc\sub-003_ses-01_task-WorkingMemory_run-3_eeg-ica.fif
sub-003,sub-003_ses-01_task-WorkingMemory_run-4_eeg.set,sub-003_ses-01_task-WorkingMemory_run-4_eeg.fdt,71,168221,250.0,672.884,81.34529113769531,NORMAL_RANGE,0,10,10,2,30,0,,OK,C:\Users\Ali\Desktop\BrainPerturbationProject\qc\preprocessed\sub-003_ses-01_task-WorkingMemory_run-4_eeg_preprocessed_raw.fif,C:\Users\Ali\Desktop\BrainPerturbationProject\qc\preprocessing_qc\sub-003_ses-01_task-WorkingMemory_run-4_eeg-ica.fif
sub-004,sub-004_ses-01_task-WorkingMemory_run-1_eeg.set,sub-004_ses-01_task-WorkingMemory_run-1_eeg.fdt,71,168263,250.0,673.052,228.12820434570312,VERY_HIGH,0,1,1,2,30,0,,OK,C:\Users\Ali\Desktop\BrainPerturbationProject\qc\preprocessed\sub-004_ses-01_task-WorkingMemory_run-1_eeg_preprocessed_raw.fif,C:\Users\Ali\Desktop\BrainPerturbationProject\qc\preprocessing_qc\sub-004_ses-01_task-WorkingMemory_run-1_eeg-ica.fif
sub-004,sub-004_ses-01_task-WorkingMemory_run-2_eeg.set,sub-004_ses-01_task-WorkingMemory_run-2_eeg.fdt,71,184071,250.0,736.284,463.2611083984375,VERY_HIGH,0,2,2,2,30,0,,OK,C:\Users\Ali\Desktop\BrainPerturbationProject\qc\preprocessed\sub-004_ses-01_task-WorkingMemory_run-2_eeg_preprocessed_raw.fif,C:\Users\Ali\Desktop\BrainPerturbationProject\qc\preprocessing_qc\sub-004_ses-01_task-WorkingMemory_run-2_eeg-ica.fif
sub-004,sub-004_ses-01_task-WorkingMemory_run-3_eeg.set,sub-004_ses-01_task-WorkingMemory_run-3_eeg.fdt,71,158672,250.0,634.688,56.56907272338867,NORMAL_RANGE,0,5,5,2,30,0,,OK,C:\Users\Ali\Desktop\BrainPerturbationProject\qc\preprocessed\sub-004_ses-01_task-WorkingMemory_run-3_eeg_preprocessed_raw.fif,C:\Users\Ali\Desktop\BrainPerturbationProject\qc\preprocessing_qc\sub-004_ses-01_task-WorkingMemory_run-3_eeg-ica.fif
sub-004,sub-004_ses-01_task-WorkingMemory_run-4_eeg.set,sub-004_ses-01_task-WorkingMemory_run-4_eeg.fdt,71,165216,250.0,660.864,132.72303771972656,VERY_HIGH,0,9,9,2,30,0,,OK,C:\Users\Ali\Desktop\BrainPerturbationProject\qc\preprocessed\sub-004_ses-01_task-WorkingMemory_run-4_eeg_preprocessed_raw.fif,C:\Users\Ali\Desktop\BrainPerturbationProject\qc\preprocessing_qc\sub-004_ses-01_task-WorkingMemory_run-4_eeg-ica.fif
sub-005,sub-005_ses-01_task-WorkingMemory_run-1_eeg.set,sub-005_ses-01_task-WorkingMemory_run-1_eeg.fdt,71,149831,250.0,599.324,36.47655487060547,NORMAL_RANGE,0,15,15,2,30,0,,OK,C:\Users\Ali\Desktop\BrainPerturbationProject\qc\preprocessed\sub-005_ses-01_task-WorkingMemory_run-1_eeg_preprocessed_raw.fif,C:\Users\Ali\Desktop\BrainPerturbationProject\qc\preprocessing_qc\sub-005_ses-01_task-WorkingMemory_run-1_eeg-ica.fif
sub-005,sub-005_ses-01_task-WorkingMemory_run-2_eeg.set,sub-005_ses-01_task-WorkingMemory_run-2_eeg.fdt,71,153479,250.0,613.916,29.8319149017334,NORMAL_RANGE,0,10,10,2,30,0,,OK,C:\Users\Ali\Desktop\BrainPerturbationProject\qc\preprocessed\sub-005_ses-01_task-WorkingMemory_run-2_eeg_preprocessed_raw.fif,C:\Users\Ali\Desktop\BrainPerturbationProject\qc\preprocessing_qc\sub-005_ses-01_task-WorkingMemory_run-2_eeg-ica.fif
sub-005,sub-005_ses-01_task-WorkingMemory_run-3_eeg.set,sub-005_ses-01_task-WorkingMemory_run-3_eeg.fdt,71,154782,250.0,619.128,26.588626861572266,NORMAL_RANGE,0,7,7,2,30,1,28,OK,C:\Users\Ali\Desktop\BrainPerturbationProject\qc\preprocessed\sub-005_ses-01_task-WorkingMemory_run-3_eeg_preprocessed_raw.fif,C:\Users\Ali\Desktop\BrainPerturbationProject\qc\preprocessing_qc\sub-005_ses-01_task-WorkingMemory_run-3_eeg-ica.fif
sub-005,sub-005_ses-01_task-WorkingMemory_run-4_eeg.set,sub-005_ses-01_task-WorkingMemory_run-4_eeg.fdt,71,152042,250.0,608.168,25.7388858795166,NORMAL_RANGE,0,9,9,2,30,0,,OK,C:\Users\Ali\Desktop\BrainPerturbationProject\qc\preprocessed\sub-005_ses-01_task-WorkingMemory_run-4_eeg_preprocessed_raw.fif,C:\Users\Ali\Desktop\BrainPerturbationProject\qc\preprocessing_qc\sub-005_ses-01_task-WorkingMemory_run-4_eeg-ica.fif
sub-006,sub-006_ses-01_task-WorkingMemory_run-1_eeg.set,sub-006_ses-01_task-WorkingMemory_run-1_eeg.fdt,71,174047,250.0,696.188,38.607452392578125,NORMAL_RANGE,0,0,0,2,30,0,,OK,C:\Users\Ali\Desktop\BrainPerturbationProject\qc\preprocessed\sub-006_ses-01_task-WorkingMemory_run-1_eeg_preprocessed_raw.fif,C:\Users\Ali\Desktop\BrainPerturbationProject\qc\preprocessing_qc\sub-006_ses-01_task-WorkingMemory_run-1_eeg-ica.fif
sub-006,sub-006_ses-01_task-WorkingMemory_run-2_eeg.set,sub-006_ses-01_task-WorkingMemory_run-2_eeg.fdt,71,143883,250.0,575.532,43.36189651489258,NORMAL_RANGE,0,0,0,2,30,0,,OK,C:\Users\Ali\Desktop\BrainPerturbationProject\qc\preprocessed\sub-006_ses-01_task-WorkingMemory_run-2_eeg_preprocessed_raw.fif,C:\Users\Ali\Desktop\BrainPerturbationProject\qc\preprocessing_qc\sub-006_ses-01_task-WorkingMemory_run-2_eeg-ica.fif
sub-006,sub-006_ses-01_task-WorkingMemory_run-3_eeg.set,sub-006_ses-01_task-WorkingMemory_run-3_eeg.fdt,71,139419,250.0,557.676,45.99801254272461,NORMAL_RANGE,0,0,0,2,30,0,,OK,C:\Users\Ali\Desktop\BrainPerturbationProject\qc\preprocessed\sub-006_ses-01_task-WorkingMemory_run-3_eeg_preprocessed_raw.fif,C:\Users\Ali\Desktop\BrainPerturbationProject\qc\preprocessing_qc\sub-006_ses-01_task-WorkingMemory_run-3_eeg-ica.fif
sub-006,sub-006_ses-01_task-WorkingMemory_run-4_eeg.set,sub-006_ses-01_task-WorkingMemory_run-4_eeg.fdt,71,140169,250.0,560.676,49.77206802368164,NORMAL_RANGE,0,1,1,2,30,0,,OK,C:\Users\Ali\Desktop\BrainPerturbationProject\qc\preprocessed\sub-006_ses-01_task-WorkingMemory_run-4_eeg_preprocessed_raw.fif,C:\Users\Ali\Desktop\BrainPerturbationProject\qc\preprocessing_qc\sub-006_ses-01_task-WorkingMemory_run-4_eeg-ica.fif
sub-007,sub-007_ses-01_task-WorkingMemory_run-1_eeg.set,sub-007_ses-01_task-WorkingMemory_run-1_eeg.fdt,71,150987,250.0,603.948,38.766727447509766,NORMAL_RANGE,0,0,0,2,30,0,,OK,C:\Users\Ali\Desktop\BrainPerturbationProject\qc\preprocessed\sub-007_ses-01_task-WorkingMemory_run-1_eeg_preprocessed_raw.fif,C:\Users\Ali\Desktop\BrainPerturbationProject\qc\preprocessing_qc\sub-007_ses-01_task-WorkingMemory_run-1_eeg-ica.fif
sub-007,sub-007_ses-01_task-WorkingMemory_run-2_eeg.set,sub-007_ses-01_task-WorkingMemory_run-2_eeg.fdt,71,139325,250.0,557.3,36.63014221191406,NORMAL_RANGE,0,1,1,2,30,1,1,OK,C:\Users\Ali\Desktop\BrainPerturbationProject\qc\preprocessed\sub-007_ses-01_task-WorkingMemory_run-2_eeg_preprocessed_raw.fif,C:\Users\Ali\Desktop\BrainPerturbationProject\qc\preprocessing_qc\sub-007_ses-01_task-WorkingMemory_run-2_eeg-ica.fif
sub-007,sub-007_ses-01_task-WorkingMemory_run-3_eeg.set,sub-007_ses-01_task-WorkingMemory_run-3_eeg.fdt,71,145492,250.0,581.968,40.66891860961914,NORMAL_RANGE,0,0,0,2,30,1,28,OK,C:\Users\Ali\Desktop\BrainPerturbationProject\qc\preprocessed\sub-007_ses-01_task-WorkingMemory_run-3_eeg_preprocessed_raw.fif,C:\Users\Ali\Desktop\BrainPerturbationProject\qc\preprocessing_qc\sub-007_ses-01_task-WorkingMemory_run-3_eeg-ica.fif
sub-007,sub-007_ses-01_task-WorkingMemory_run-4_eeg.set,sub-007_ses-01_task-WorkingMemory_run-4_eeg.fdt,71,150365,250.0,601.46,41.86857986450195,NORMAL_RANGE,0,0,0,2,30,0,,OK,C:\Users\Ali\Desktop\BrainPerturbationProject\qc\preprocessed\sub-007_ses-01_task-WorkingMemory_run-4_eeg_preprocessed_raw.fif,C:\Users\Ali\Desktop\BrainPerturbationProject\qc\preprocessing_qc\sub-007_ses-01_task-WorkingMemory_run-4_eeg-ica.fif
sub-008,sub-008_ses-01_task-WorkingMemory_run-1_eeg.set,sub-008_ses-01_task-WorkingMemory_run-1_eeg.fdt,71,153584,250.0,614.336,38.953556060791016,NORMAL_RANGE,0,1,1,2,30,0,,OK,C:\Users\Ali\Desktop\BrainPerturbationProject\qc\preprocessed\sub-008_ses-01_task-WorkingMemory_run-1_eeg_preprocessed_raw.fif,C:\Users\Ali\Desktop\BrainPerturbationProject\qc\preprocessing_qc\sub-008_ses-01_task-WorkingMemory_run-1_eeg-ica.fif
sub-008,sub-008_ses-01_task-WorkingMemory_run-2_eeg.set,sub-008_ses-01_task-WorkingMemory_run-2_eeg.fdt,71,218911,250.0,875.644,46.18387985229492,NORMAL_RANGE,0,2,2,2,30,1,7,OK,C:\Users\Ali\Desktop\BrainPerturbationProject\qc\preprocessed\sub-008_ses-01_task-WorkingMemory_run-2_eeg_preprocessed_raw.fif,C:\Users\Ali\Desktop\BrainPerturbationProject\qc\preprocessing_qc\sub-008_ses-01_task-WorkingMemory_run-2_eeg-ica.fif
sub-008,sub-008_ses-01_task-WorkingMemory_run-3_eeg.set,sub-008_ses-01_task-WorkingMemory_run-3_eeg.fdt,71,189474,250.0,757.896,50.95878982543945,NORMAL_RANGE,0,15,15,2,30,0,,OK,C:\Users\Ali\Desktop\BrainPerturbationProject\qc\preprocessed\sub-008_ses-01_task-WorkingMemory_run-3_eeg_preprocessed_raw.fif,C:\Users\Ali\Desktop\BrainPerturbationProject\qc\preprocessing_qc\sub-008_ses-01_task-WorkingMemory_run-3_eeg-ica.fif
sub-008,sub-008_ses-01_task-WorkingMemory_run-4_eeg.set,sub-008_ses-01_task-WorkingMemory_run-4_eeg.fdt,71,329898,250.0,1319.592,73.28362274169922,NORMAL_RANGE,0,0,0,2,30,0,,OK,C:\Users\Ali\Desktop\BrainPerturbationProject\qc\preprocessed\sub-008_ses-01_task-WorkingMemory_run-4_eeg_preprocessed_raw.fif,C:\Users\Ali\Desktop\BrainPerturbationProject\qc\preprocessing_qc\sub-008_ses-01_task-WorkingMemory_run-4_eeg-ica.fif
sub-009,sub-009_ses-01_task-WorkingMemory_run-1_eeg.set,sub-009_ses-01_task-WorkingMemory_run-1_eeg.fdt,71,153971,250.0,615.884,25.674236297607422,NORMAL_RANGE,0,7,7,2,30,0,,OK,C:\Users\Ali\Desktop\BrainPerturbationProject\qc\preprocessed\sub-009_ses-01_task-WorkingMemory_run-1_eeg_preprocessed_raw.fif,C:\Users\Ali\Desktop\BrainPerturbationProject\qc\preprocessing_qc\sub-009_ses-01_task-WorkingMemory_run-1_eeg-ica.fif
sub-009,sub-009_ses-01_task-WorkingMemory_run-2_eeg.set,sub-009_ses-01_task-WorkingMemory_run-2_eeg.fdt,71,157195,250.0,628.78,58.67884826660156,NORMAL_RANGE,0,9,9,2,30,0,,OK,C:\Users\Ali\Desktop\BrainPerturbationProject\qc\preprocessed\sub-009_ses-01_task-WorkingMemory_run-2_eeg_preprocessed_raw.fif,C:\Users\Ali\Desktop\BrainPerturbationProject\qc\preprocessing_qc\sub-009_ses-01_task-WorkingMemory_run-2_eeg-ica.fif
sub-009,sub-009_ses-01_task-WorkingMemory_run-3_eeg.set,sub-009_ses-01_task-WorkingMemory_run-3_eeg.fdt,71,156203,250.0,624.812,37.406124114990234,NORMAL_RANGE,0,12,12,2,30,0,,OK,C:\Users\Ali\Desktop\BrainPerturbationProject\qc\preprocessed\sub-009_ses-01_task-WorkingMemory_run-3_eeg_preprocessed_raw.fif,C:\Users\Ali\Desktop\BrainPerturbationProject\qc\preprocessing_qc\sub-009_ses-01_task-WorkingMemory_run-3_eeg-ica.fif
sub-009,sub-009_ses-01_task-WorkingMemory_run-4_eeg.set,sub-009_ses-01_task-WorkingMemory_run-4_eeg.fdt,71,159257,250.0,637.028,19.291259765625,NORMAL_RANGE,0,4,4,2,30,0,,OK,C:\Users\Ali\Desktop\BrainPerturbationProject\qc\preprocessed\sub-009_ses-01_task-WorkingMemory_run-4_eeg_preprocessed_raw.fif,C:\Users\Ali\Desktop\BrainPerturbationProject\qc\preprocessing_qc\sub-009_ses-01_task-WorkingMemory_run-4_eeg-ica.fif
sub-010,sub-010_ses-01_task-WorkingMemory_run-1_eeg.set,sub-010_ses-01_task-WorkingMemory_run-1_eeg.fdt,71,154877,250.0,619.508,29.78766441345215,NORMAL_RANGE,0,0,0,2,30,0,,OK,C:\Users\Ali\Desktop\BrainPerturbationProject\qc\preprocessed\sub-010_ses-01_task-WorkingMemory_run-1_eeg_preprocessed_raw.fif,C:\Users\Ali\Desktop\BrainPerturbationProject\qc\preprocessing_qc\sub-010_ses-01_task-WorkingMemory_run-1_eeg-ica.fif
sub-010,sub-010_ses-01_task-WorkingMemory_run-2_eeg.set,sub-010_ses-01_task-WorkingMemory_run-2_eeg.fdt,71,148326,250.0,593.304,28.627172470092773,NORMAL_RANGE,0,2,2,2,30,2,"2,6",OK,C:\Users\Ali\Desktop\BrainPerturbationProject\qc\preprocessed\sub-010_ses-01_task-WorkingMemory_run-2_eeg_preprocessed_raw.fif,C:\Users\Ali\Desktop\BrainPerturbationProject\qc\preprocessing_qc\sub-010_ses-01_task-WorkingMemory_run-2_eeg-ica.fif
sub-010,sub-010_ses-01_task-WorkingMemory_run-3_eeg.set,sub-010_ses-01_task-WorkingMemory_run-3_eeg.fdt,71,148571,250.0,594.284,29.978561401367188,NORMAL_RANGE,0,0,0,2,30,1,8,OK,C:\Users\Ali\Desktop\BrainPerturbationProject\qc\preprocessed\sub-010_ses-01_task-WorkingMemory_run-3_eeg_preprocessed_raw.fif,C:\Users\Ali\Desktop\BrainPerturbationProject\qc\preprocessing_qc\sub-010_ses-01_task-WorkingMemory_run-3_eeg-ica.fif
sub-010,sub-010_ses-01_task-WorkingMemory_run-4_eeg.set,sub-010_ses-01_task-WorkingMemory_run-4_eeg.fdt,71,147960,250.0,591.84,33.118812561035156,NORMAL_RANGE,0,1,1,2,30,0,,OK,C:\Users\Ali\Desktop\BrainPerturbationProject\qc\preprocessed\sub-010_ses-01_task-WorkingMemory_run-4_eeg_preprocessed_raw.fif,C:\Users\Ali\Desktop\BrainPerturbationProject\qc\preprocessing_qc\sub-010_ses-01_task-WorkingMemory_run-4_eeg-ica.fif
sub-011,sub-011_ses-01_task-WorkingMemory_run-1_eeg.set,sub-011_ses-01_task-WorkingMemory_run-1_eeg.fdt,71,187847,250.0,751.388,17.012405395507812,NORMAL_RANGE,0,2,2,2,30,0,,OK,C:\Users\Ali\Desktop\BrainPerturbationProject\qc\preprocessed\sub-011_ses-01_task-WorkingMemory_run-1_eeg_preprocessed_raw.fif,C:\Users\Ali\Desktop\BrainPerturbationProject\qc\preprocessing_qc\sub-011_ses-01_task-WorkingMemory_run-1_eeg-ica.fif
sub-011,sub-011_ses-01_task-WorkingMemory_run-2_eeg.set,sub-011_ses-01_task-WorkingMemory_run-2_eeg.fdt,71,191647,250.0,766.588,18.548355102539062,NORMAL_RANGE,0,8,8,2,30,0,,OK,C:\Users\Ali\Desktop\BrainPerturbationProject\qc\preprocessed\sub-011_ses-01_task-WorkingMemory_run-2_eeg_preprocessed_raw.fif,C:\Users\Ali\Desktop\BrainPerturbationProject\qc\preprocessing_qc\sub-011_ses-01_task-WorkingMemory_run-2_eeg-ica.fif
sub-011,sub-011_ses-01_task-WorkingMemory_run-3_eeg.set,sub-011_ses-01_task-WorkingMemory_run-3_eeg.fdt,71,212631,250.0,850.524,19.397829055786133,NORMAL_RANGE,0,10,10,2,30,0,,OK,C:\Users\Ali\Desktop\BrainPerturbationProject\qc\preprocessed\sub-011_ses-01_task-WorkingMemory_run-3_eeg_preprocessed_raw.fif,C:\Users\Ali\Desktop\BrainPerturbationProject\qc\preprocessing_qc\sub-011_ses-01_task-WorkingMemory_run-3_eeg-ica.fif
sub-011,sub-011_ses-01_task-WorkingMemory_run-4_eeg.set,sub-011_ses-01_task-WorkingMemory_run-4_eeg.fdt,71,203451,250.0,813.804,22.747615814208984,NORMAL_RANGE,0,5,5,2,30,0,,OK,C:\Users\Ali\Desktop\BrainPerturbationProject\qc\preprocessed\sub-011_ses-01_task-WorkingMemory_run-4_eeg_preprocessed_raw.fif,C:\Users\Ali\Desktop\BrainPerturbationProject\qc\preprocessing_qc\sub-011_ses-01_task-WorkingMemory_run-4_eeg-ica.fif
sub-012,sub-012_ses-01_task-WorkingMemory_run-1_eeg.set,sub-012_ses-01_task-WorkingMemory_run-1_eeg.fdt,71,136499,250.0,545.996,50.80910110473633,NORMAL_RANGE,0,0,0,2,30,0,,OK,C:\Users\Ali\Desktop\BrainPerturbationProject\qc\preprocessed\sub-012_ses-01_task-WorkingMemory_run-1_eeg_preprocessed_raw.fif,C:\Users\Ali\Desktop\BrainPerturbationProject\qc\preprocessing_qc\sub-012_ses-01_task-WorkingMemory_run-1_eeg-ica.fif
sub-012,sub-012_ses-01_task-WorkingMemory_run-2_eeg.set,sub-012_ses-01_task-WorkingMemory_run-2_eeg.fdt,71,140935,250.0,563.74,52.11122512817383,NORMAL_RANGE,0,0,0,2,30,0,,OK,C:\Users\Ali\Desktop\BrainPerturbationProject\qc\preprocessed\sub-012_ses-01_task-WorkingMemory_run-2_eeg_preprocessed_raw.fif,C:\Users\Ali\Desktop\BrainPerturbationProject\qc\preprocessing_qc\sub-012_ses-01_task-WorkingMemory_run-2_eeg-ica.fif
sub-012,sub-012_ses-01_task-WorkingMemory_run-3_eeg.set,sub-012_ses-01_task-WorkingMemory_run-3_eeg.fdt,71,139549,250.0,558.196,53.15056610107422,NORMAL_RANGE,0,1,1,2,30,0,,OK,C:\Users\Ali\Desktop\BrainPerturbationProject\qc\preprocessed\sub-012_ses-01_task-WorkingMemory_run-3_eeg_preprocessed_raw.fif,C:\Users\Ali\Desktop\BrainPerturbationProject\qc\preprocessing_qc\sub-012_ses-01_task-WorkingMemory_run-3_eeg-ica.fif
sub-014,sub-014_ses-01_task-WorkingMemory_run-1_eeg.set,sub-014_ses-01_task-WorkingMemory_run-1_eeg.fdt,71,588801,1000.0,588.801,43.78190994262695,NORMAL_RANGE,0,9,9,2,30,1,26,OK,C:\Users\Ali\Desktop\BrainPerturbationProject\qc\preprocessed\sub-014_ses-01_task-WorkingMemory_run-1_eeg_preprocessed_raw.fif,C:\Users\Ali\Desktop\BrainPerturbationProject\qc\preprocessing_qc\sub-014_ses-01_task-WorkingMemory_run-1_eeg-ica.fif
sub-014,sub-014_ses-01_task-WorkingMemory_run-2_eeg.set,sub-014_ses-01_task-WorkingMemory_run-2_eeg.fdt,71,606465,1000.0,606.465,41.10297393798828,NORMAL_RANGE,0,5,5,2,30,0,,OK,C:\Users\Ali\Desktop\BrainPerturbationProject\qc\preprocessed\sub-014_ses-01_task-WorkingMemory_run-2_eeg_preprocessed_raw.fif,C:\Users\Ali\Desktop\BrainPerturbationProject\qc\preprocessing_qc\sub-014_ses-01_task-WorkingMemory_run-2_eeg-ica.fif
sub-014,sub-014_ses-01_task-WorkingMemory_run-3_eeg.set,sub-014_ses-01_task-WorkingMemory_run-3_eeg.fdt,71,595967,1000.0,595.967,34.25751876831055,NORMAL_RANGE,0,2,2,2,30,0,,OK,C:\Users\Ali\Desktop\BrainPerturbationProject\qc\preprocessed\sub-014_ses-01_task-WorkingMemory_run-3_eeg_preprocessed_raw.fif,C:\Users\Ali\Desktop\BrainPerturbationProject\qc\preprocessing_qc\sub-014_ses-01_task-WorkingMemory_run-3_eeg-ica.fif
sub-015,sub-015_ses-01_task-WorkingMemory_run-1_eeg.set,sub-015_ses-01_task-WorkingMemory_run-1_eeg.fdt,71,299520,500.0,599.04,40.60906982421875,NORMAL_RANGE,0,0,0,2,30,1,14,OK,C:\Users\Ali\Desktop\BrainPerturbationProject\qc\preprocessed\sub-015_ses-01_task-WorkingMemory_run-1_eeg_preprocessed_raw.fif,C:\Users\Ali\Desktop\BrainPerturbationProject\qc\preprocessing_qc\sub-015_ses-01_task-WorkingMemory_run-1_eeg-ica.fif
sub-015,sub-015_ses-01_task-WorkingMemory_run-2_eeg.set,sub-015_ses-01_task-WorkingMemory_run-2_eeg.fdt,71,281601,500.0,563.202,24.750152587890625,NORMAL_RANGE,0,0,0,2,30,0,,OK,C:\Users\Ali\Desktop\BrainPerturbationProject\qc\preprocessed\sub-015_ses-01_task-WorkingMemory_run-2_eeg_preprocessed_raw.fif,C:\Users\Ali\Desktop\BrainPerturbationProject\qc\preprocessing_qc\sub-015_ses-01_task-WorkingMemory_run-2_eeg-ica.fif
sub-015,sub-015_ses-01_task-WorkingMemory_run-3_eeg.set,sub-015_ses-01_task-WorkingMemory_run-3_eeg.fdt,71,277759,500.0,555.518,26.434659957885742,NORMAL_RANGE,0,0,0,2,30,0,,OK,C:\Users\Ali\Desktop\BrainPerturbationProject\qc\preprocessed\sub-015_ses-01_task-WorkingMemory_run-3_eeg_preprocessed_raw.fif,C:\Users\Ali\Desktop\BrainPerturbationProject\qc\preprocessing_qc\sub-015_ses-01_task-WorkingMemory_run-3_eeg-ica.fif
sub-016,sub-016_ses-01_task-WorkingMemory_run-1_eeg.set,sub-016_ses-01_task-WorkingMemory_run-1_eeg.fdt,71,388097,500.0,776.194,36.3940544128418,NORMAL_RANGE,0,0,0,2,30,0,,OK,C:\Users\Ali\Desktop\BrainPerturbationProject\qc\preprocessed\sub-016_ses-01_task-WorkingMemory_run-1_eeg_preprocessed_raw.fif,C:\Users\Ali\Desktop\BrainPerturbationProject\qc\preprocessing_qc\sub-016_ses-01_task-WorkingMemory_run-1_eeg-ica.fif
sub-016,sub-016_ses-01_task-WorkingMemory_run-2_eeg.set,sub-016_ses-01_task-WorkingMemory_run-2_eeg.fdt,71,345857,500.0,691.714,40.403106689453125,NORMAL_RANGE,0,0,0,2,30,0,,OK,C:\Users\Ali\Desktop\BrainPerturbationProject\qc\preprocessed\sub-016_ses-01_task-WorkingMemory_run-2_eeg_preprocessed_raw.fif,C:\Users\Ali\Desktop\BrainPerturbationProject\qc\preprocessing_qc\sub-016_ses-01_task-WorkingMemory_run-2_eeg-ica.fif
sub-016,sub-016_ses-01_task-WorkingMemory_run-3_eeg.set,sub-016_ses-01_task-WorkingMemory_run-3_eeg.fdt,71,283391,500.0,566.782,33.69614028930664,NORMAL_RANGE,0,0,0,2,30,3,"4,19,24",OK,C:\Users\Ali\Desktop\BrainPerturbationProject\qc\preprocessed\sub-016_ses-01_task-WorkingMemory_run-3_eeg_preprocessed_raw.fif,C:\Users\Ali\Desktop\BrainPerturbationProject\qc\preprocessing_qc\sub-016_ses-01_task-WorkingMemory_run-3_eeg-ica.fif
sub-017,sub-017_ses-01_task-WorkingMemory_run-1_eeg.set,sub-017_ses-01_task-WorkingMemory_run-1_eeg.fdt,71,278273,500.0,556.546,40.391422271728516,NORMAL_RANGE,0,0,0,2,30,0,,OK,C:\Users\Ali\Desktop\BrainPerturbationProject\qc\preprocessed\sub-017_ses-01_task-WorkingMemory_run-1_eeg_preprocessed_raw.fif,C:\Users\Ali\Desktop\BrainPerturbationProject\qc\preprocessing_qc\sub-017_ses-01_task-WorkingMemory_run-1_eeg-ica.fif
sub-017,sub-017_ses-01_task-WorkingMemory_run-2_eeg.set,sub-017_ses-01_task-WorkingMemory_run-2_eeg.fdt,71,277505,500.0,555.01,37.34746551513672,NORMAL_RANGE,0,0,0,2,30,0,,OK,C:\Users\Ali\Desktop\BrainPerturbationProject\qc\preprocessed\sub-017_ses-01_task-WorkingMemory_run-2_eeg_preprocessed_raw.fif,C:\Users\Ali\Desktop\BrainPerturbationProject\qc\preprocessing_qc\sub-017_ses-01_task-WorkingMemory_run-2_eeg-ica.fif
sub-017,sub-017_ses-01_task-WorkingMemory_run-3_eeg.set,sub-017_ses-01_task-WorkingMemory_run-3_eeg.fdt,71,257791,500.0,515.582,36.78330993652344,NORMAL_RANGE,0,0,0,2,30,0,,OK,C:\Users\Ali\Desktop\BrainPerturbationProject\qc\preprocessed\sub-017_ses-01_task-WorkingMemory_run-3_eeg_preprocessed_raw.fif,C:\Users\Ali\Desktop\BrainPerturbationProject\qc\preprocessing_qc\sub-017_ses-01_task-WorkingMemory_run-3_eeg-ica.fif
sub-018,sub-018_ses-01_task-WorkingMemory_run-1_eeg.set,sub-018_ses-01_task-WorkingMemory_run-1_eeg.fdt,71,308992,500.0,617.984,27.97063446044922,NORMAL_RANGE,0,2,2,2,30,1,0,OK,C:\Users\Ali\Desktop\BrainPerturbationProject\qc\preprocessed\sub-018_ses-01_task-WorkingMemory_run-1_eeg_preprocessed_raw.fif,C:\Users\Ali\Desktop\BrainPerturbationProject\qc\preprocessing_qc\sub-018_ses-01_task-WorkingMemory_run-1_eeg-ica.fif
sub-018,sub-018_ses-01_task-WorkingMemory_run-2_eeg.set,sub-018_ses-01_task-WorkingMemory_run-2_eeg.fdt,71,297472,500.0,594.944,19.72091293334961,NORMAL_RANGE,0,5,5,2,30,0,,OK,C:\Users\Ali\Desktop\BrainPerturbationProject\qc\preprocessed\sub-018_ses-01_task-WorkingMemory_run-2_eeg_preprocessed_raw.fif,C:\Users\Ali\Desktop\BrainPerturbationProject\qc\preprocessing_qc\sub-018_ses-01_task-WorkingMemory_run-2_eeg-ica.fif
sub-018,sub-018_ses-01_task-WorkingMemory_run-3_eeg.set,sub-018_ses-01_task-WorkingMemory_run-3_eeg.fdt,71,292607,500.0,585.214,19.366315841674805,NORMAL_RANGE,0,4,4,2,30,2,"0,2",OK,C:\Users\Ali\Desktop\BrainPerturbationProject\qc\preprocessed\sub-018_ses-01_task-WorkingMemory_run-3_eeg_preprocessed_raw.fif,C:\Users\Ali\Desktop\BrainPerturbationProject\qc\preprocessing_qc\sub-018_ses-01_task-WorkingMemory_run-3_eeg-ica.fif
sub-019,sub-019_ses-01_task-WorkingMemory_run-1_eeg.set,sub-019_ses-01_task-WorkingMemory_run-1_eeg.fdt,71,319489,500.0,638.978,20.337961196899414,NORMAL_RANGE,0,6,6,2,30,0,,OK,C:\Users\Ali\Desktop\BrainPerturbationProject\qc\preprocessed\sub-019_ses-01_task-WorkingMemory_run-1_eeg_preprocessed_raw.fif,C:\Users\Ali\Desktop\BrainPerturbationProject\qc\preprocessing_qc\sub-019_ses-01_task-WorkingMemory_run-1_eeg-ica.fif
sub-019,sub-019_ses-01_task-WorkingMemory_run-2_eeg.set,sub-019_ses-01_task-WorkingMemory_run-2_eeg.fdt,71,313856,500.0,627.712,23.011821746826172,NORMAL_RANGE,0,10,10,2,30,0,,OK,C:\Users\Ali\Desktop\BrainPerturbationProject\qc\preprocessed\sub-019_ses-01_task-WorkingMemory_run-2_eeg_preprocessed_raw.fif,C:\Users\Ali\Desktop\BrainPerturbationProject\qc\preprocessing_qc\sub-019_ses-01_task-WorkingMemory_run-2_eeg-ica.fif
sub-019,sub-019_ses-01_task-WorkingMemory_run-3_eeg.set,sub-019_ses-01_task-WorkingMemory_run-3_eeg.fdt,71,327679,500.0,655.358,24.34954261779785,NORMAL_RANGE,0,12,12,2,30,0,,OK,C:\Users\Ali\Desktop\BrainPerturbationProject\qc\preprocessed\sub-019_ses-01_task-WorkingMemory_run-3_eeg_preprocessed_raw.fif,C:\Users\Ali\Desktop\BrainPerturbationProject\qc\preprocessing_qc\sub-019_ses-01_task-WorkingMemory_run-3_eeg-ica.fif
sub-020,sub-020_ses-01_task-WorkingMemory_run-1_eeg.set,sub-020_ses-01_task-WorkingMemory_run-1_eeg.fdt,71,299777,500.0,599.554,20.70140838623047,NORMAL_RANGE,0,0,0,2,30,0,,OK,C:\Users\Ali\Desktop\BrainPerturbationProject\qc\preprocessed\sub-020_ses-01_task-WorkingMemory_run-1_eeg_preprocessed_raw.fif,C:\Users\Ali\Desktop\BrainPerturbationProject\qc\preprocessing_qc\sub-020_ses-01_task-WorkingMemory_run-1_eeg-ica.fif
sub-020,sub-020_ses-01_task-WorkingMemory_run-2_eeg.set,sub-020_ses-01_task-WorkingMemory_run-2_eeg.fdt,71,308481,500.0,616.962,23.88030242919922,NORMAL_RANGE,0,2,2,2,30,1,0,OK,C:\Users\Ali\Desktop\BrainPerturbationProject\qc\preprocessed\sub-020_ses-01_task-WorkingMemory_run-2_eeg_preprocessed_raw.fif,C:\Users\Ali\Desktop\BrainPerturbationProject\qc\preprocessing_qc\sub-020_ses-01_task-WorkingMemory_run-2_eeg-ica.fif
sub-020,sub-020_ses-01_task-WorkingMemory_run-3_eeg.set,sub-020_ses-01_task-WorkingMemory_run-3_eeg.fdt,71,292607,500.0,585.214,21.386512756347656,NORMAL_RANGE,0,4,4,2,30,0,,OK,C:\Users\Ali\Desktop\BrainPerturbationProject\qc\preprocessed\sub-020_ses-01_task-WorkingMemory_run-3_eeg_preprocessed_raw.fif,C:\Users\Ali\Desktop\BrainPerturbationProject\qc\preprocessing_qc\sub-020_ses-01_task-WorkingMemory_run-3_eeg-ica.fif
sub-021,sub-021_ses-01_task-WorkingMemory_run-1_eeg.set,sub-021_ses-01_task-WorkingMemory_run-1_eeg.fdt,71,357121,500.0,714.242,31.782894134521484,NORMAL_RANGE,0,3,3,2,30,1,1,OK,C:\Users\Ali\Desktop\BrainPerturbationProject\qc\preprocessed\sub-021_ses-01_task-WorkingMemory_run-1_eeg_preprocessed_raw.fif,C:\Users\Ali\Desktop\BrainPerturbationProject\qc\preprocessing_qc\sub-021_ses-01_task-WorkingMemory_run-1_eeg-ica.fif
sub-021,sub-021_ses-01_task-WorkingMemory_run-2_eeg.set,sub-021_ses-01_task-WorkingMemory_run-2_eeg.fdt,71,395521,500.0,791.042,25.84554100036621,NORMAL_RANGE,0,0,0,2,30,1,0,OK,C:\Users\Ali\Desktop\BrainPerturbationProject\qc\preprocessed\sub-021_ses-01_task-WorkingMemory_run-2_eeg_preprocessed_raw.fif,C:\Users\Ali\Desktop\BrainPerturbationProject\qc\preprocessing_qc\sub-021_ses-01_task-WorkingMemory_run-2_eeg-ica.fif
sub-021,sub-021_ses-01_task-WorkingMemory_run-3_eeg.set,sub-021_ses-01_task-WorkingMemory_run-3_eeg.fdt,71,340479,500.0,680.958,27.86160659790039,NORMAL_RANGE,0,4,4,2,30,0,,OK,C:\Users\Ali\Desktop\BrainPerturbationProject\qc\preprocessed\sub-021_ses-01_task-WorkingMemory_run-3_eeg_preprocessed_raw.fif,C:\Users\Ali\Desktop\BrainPerturbationProject\qc\preprocessing_qc\sub-021_ses-01_task-WorkingMemory_run-3_eeg-ica.fif
sub-022,sub-022_ses-01_task-WorkingMemory_run-1_eeg.set,sub-022_ses-01_task-WorkingMemory_run-1_eeg.fdt,71,289025,500.0586756077117,577.982173089495,0.5740771889686584,VERY_LOW,0,0,0,2,30,0,,OK,C:\Users\Ali\Desktop\BrainPerturbationProject\qc\preprocessed\sub-022_ses-01_task-WorkingMemory_run-1_eeg_preprocessed_raw.fif,C:\Users\Ali\Desktop\BrainPerturbationProject\qc\preprocessing_qc\sub-022_ses-01_task-WorkingMemory_run-1_eeg-ica.fif
sub-022,sub-022_ses-01_task-WorkingMemory_run-2_eeg.set,sub-022_ses-01_task-WorkingMemory_run-2_eeg.fdt,71,242688,500.0586756077117,485.3190472199406,0.9314417243003845,VERY_LOW,0,0,0,2,30,0,,OK,C:\Users\Ali\Desktop\BrainPerturbationProject\qc\preprocessed\sub-022_ses-01_task-WorkingMemory_run-2_eeg_preprocessed_raw.fif,C:\Users\Ali\Desktop\BrainPerturbationProject\qc\preprocessing_qc\sub-022_ses-01_task-WorkingMemory_run-2_eeg-ica.fif
sub-022,sub-022_ses-01_task-WorkingMemory_run-3_eeg.set,sub-022_ses-01_task-WorkingMemory_run-3_eeg.fdt,71,386818,500.0586756077117,773.5452235278341,0.6344240307807922,VERY_LOW,0,1,1,2,30,0,,OK,C:\Users\Ali\Desktop\BrainPerturbationProject\qc\preprocessed\sub-022_ses-01_task-WorkingMemory_run-3_eeg_preprocessed_raw.fif,C:\Users\Ali\Desktop\BrainPerturbationProject\qc\preprocessing_qc\sub-022_ses-01_task-WorkingMemory_run-3_eeg-ica.fif
sub-022,sub-022_ses-01_task-WorkingMemory_run-4_eeg.set,sub-022_ses-01_task-WorkingMemory_run-4_eeg.fdt,71,345856,500.0586756077117,691.6308362807382,0.564093291759491,VERY_LOW,0,1,1,2,30,2,"1,6",OK,C:\Users\Ali\Desktop\BrainPerturbationProject\qc\preprocessed\sub-022_ses-01_task-WorkingMemory_run-4_eeg_preprocessed_raw.fif,C:\Users\Ali\Desktop\BrainPerturbationProject\qc\preprocessing_qc\sub-022_ses-01_task-WorkingMemory_run-4_eeg-ica.fif
sub-022,sub-022_ses-01_task-WorkingMemory_run-5_eeg.set,sub-022_ses-01_task-WorkingMemory_run-5_eeg.fdt,71,348161,500.0586756077117,696.2402953551134,0.711244523525238,VERY_LOW,0,5,5,2,30,1,1,OK,C:\Users\Ali\Desktop\BrainPerturbationProject\qc\preprocessed\sub-022_ses-01_task-WorkingMemory_run-5_eeg_preprocessed_raw.fif,C:\Users\Ali\Desktop\BrainPerturbationProject\qc\preprocessing_qc\sub-022_ses-01_task-WorkingMemory_run-5_eeg-ica.fif
sub-022,sub-022_ses-01_task-WorkingMemory_run-6_eeg.set,sub-022_ses-01_task-WorkingMemory_run-6_eeg.fdt,71,404225,500.0586756077117,808.3551385419984,1.4914289712905884,NORMAL_RANGE,0,9,9,2,30,0,,OK,C:\Users\Ali\Desktop\BrainPerturbationProject\qc\preprocessed\sub-022_ses-01_task-WorkingMemory_run-6_eeg_preprocessed_raw.fif,C:\Users\Ali\Desktop\BrainPerturbationProject\qc\preprocessing_qc\sub-022_ses-01_task-WorkingMemory_run-6_eeg-ica.fif
sub-023,sub-023_ses-01_task-WorkingMemory_run-1_eeg.set,sub-023_ses-01_task-WorkingMemory_run-1_eeg.fdt,71,360961,500.0586756077117,721.8372915165027,0.4828895330429077,VERY_LOW,0,1,1,2,30,0,,OK,C:\Users\Ali\Desktop\BrainPerturbationProject\qc\preprocessed\sub-023_ses-01_task-WorkingMemory_run-1_eeg_preprocessed_raw.fif,C:\Users\Ali\Desktop\BrainPerturbationProject\qc\preprocessing_qc\sub-023_ses-01_task-WorkingMemory_run-1_eeg-ica.fif
sub-023,sub-023_ses-01_task-WorkingMemory_run-2_eeg.set,sub-023_ses-01_task-WorkingMemory_run-2_eeg.fdt,71,354305,500.0586756077117,708.5268535125803,0.4113033711910248,VERY_LOW,0,3,3,2,30,0,,OK,C:\Users\Ali\Desktop\BrainPerturbationProject\qc\preprocessed\sub-023_ses-01_task-WorkingMemory_run-2_eeg_preprocessed_raw.fif,C:\Users\Ali\Desktop\BrainPerturbationProject\qc\preprocessing_qc\sub-023_ses-01_task-WorkingMemory_run-2_eeg-ica.fif
sub-023,sub-023_ses-01_task-WorkingMemory_run-3_eeg.set,sub-023_ses-01_task-WorkingMemory_run-3_eeg.fdt,71,356864,500.0586756077117,713.644252979533,0.6065271496772766,VERY_LOW,0,0,0,2,30,0,,OK,C:\Users\Ali\Desktop\BrainPerturbationProject\qc\preprocessed\sub-023_ses-01_task-WorkingMemory_run-3_eeg_preprocessed_raw.fif,C:\Users\Ali\Desktop\BrainPerturbationProject\qc\preprocessing_qc\sub-023_ses-01_task-WorkingMemory_run-3_eeg-ica.fif
sub-023,sub-023_ses-01_task-WorkingMemory_run-4_eeg.set,sub-023_ses-01_task-WorkingMemory_run-4_eeg.fdt,71,339201,500.0586756077117,678.3223980421409,0.6681010723114014,VERY_LOW,0,3,3,2,30,0,,OK,C:\Users\Ali\Desktop\BrainPerturbationProject\qc\preprocessed\sub-023_ses-01_task-WorkingMemory_run-4_eeg_preprocessed_raw.fif,C:\Users\Ali\Desktop\BrainPerturbationProject\qc\preprocessing_qc\sub-023_ses-01_task-WorkingMemory_run-4_eeg-ica.fif
sub-023,sub-023_ses-01_task-WorkingMemory_run-5_eeg.set,sub-023_ses-01_task-WorkingMemory_run-5_eeg.fdt,71,309505,500.0586756077117,618.9373669477178,0.44964906573295593,VERY_LOW,0,6,6,2,30,0,,OK,C:\Users\Ali\Desktop\BrainPerturbationProject\qc\preprocessed\sub-023_ses-01_task-WorkingMemory_run-5_eeg_preprocessed_raw.fif,C:\Users\Ali\Desktop\BrainPerturbationProject\qc\preprocessing_qc\sub-023_ses-01_task-WorkingMemory_run-5_eeg-ica.fif
sub-024,sub-024_ses-01_task-WorkingMemory_run-1_eeg.set,sub-024_ses-01_task-WorkingMemory_run-1_eeg.fdt,71,284929,500.0,569.858,38.51338577270508,NORMAL_RANGE,0,0,0,2,30,0,,OK,C:\Users\Ali\Desktop\BrainPerturbationProject\qc\preprocessed\sub-024_ses-01_task-WorkingMemory_run-1_eeg_preprocessed_raw.fif,C:\Users\Ali\Desktop\BrainPerturbationProject\qc\preprocessing_qc\sub-024_ses-01_task-WorkingMemory_run-1_eeg-ica.fif
sub-024,sub-024_ses-01_task-WorkingMemory_run-2_eeg.set,sub-024_ses-01_task-WorkingMemory_run-2_eeg.fdt,71,281601,500.0,563.202,42.54304504394531,NORMAL_RANGE,0,0,0,2,30,0,,OK,C:\Users\Ali\Desktop\BrainPerturbationProject\qc\preprocessed\sub-024_ses-01_task-WorkingMemory_run-2_eeg_preprocessed_raw.fif,C:\Users\Ali\Desktop\BrainPerturbationProject\qc\preprocessing_qc\sub-024_ses-01_task-WorkingMemory_run-2_eeg-ica.fif
sub-024,sub-024_ses-01_task-WorkingMemory_run-3_eeg.set,sub-024_ses-01_task-WorkingMemory_run-3_eeg.fdt,71,283391,500.0,566.782,43.29465103149414,NORMAL_RANGE,0,0,0,2,30,0,,OK,C:\Users\Ali\Desktop\BrainPerturbationProject\qc\preprocessed\sub-024_ses-01_task-WorkingMemory_run-3_eeg_preprocessed_raw.fif,C:\Users\Ali\Desktop\BrainPerturbationProject\qc\preprocessing_qc\sub-024_ses-01_task-WorkingMemory_run-3_eeg-ica.fif
