target,feature,mean_difference,cohen_d,abs_cohen_d,p_fdr,fdr_significant,effect_magnitude_final,final_evidence_class,final_priority_score_v1,direction,ml_mean_abs_permutation_importance,ml_mean_sign_consistency,ml_mean_stability_score,ml_best_rank,remember_abs_effect,correct_abs_effect,cross_target_pattern,direction_relationship,significance_pattern,evidence_statistical_effect,evidence_fdr_significance,evidence_direction_consistency,evidence_ml_stability,evidence_ml_importance,evidence_cross_target,final_scientific_evidence_score,final_evidence_class_v2,final_scientific_rank_v2,global_feature_rank_v2
correct,beta_temporal,0.1063339822220392,0.2171282757930247,0.2171282757930247,4.4132371288135055e-24,True,small,small_to_moderate_effect,5.0,positive,0.0092352241343385,1.0,0.0092352241343385,2,0.0102360165548607,0.1063339822220392,target_preferential,same_direction,significant_correct_only,0.9650407926418589,1.0,0.0,1.0,0.6578343276222438,0.75,0.7820436309226892,high_confidence_multilayer,1,4
correct,gamma_temporal,0.0824967064193827,0.2249658894032735,0.2249658894032735,4.008837981489088e-23,True,small,small_to_moderate_effect,5.0,positive,0.00340772258732895,0.9,0.00306249882753775,17,0.0114701590569815,0.0824967064193827,weak_cross_target_pattern,same_direction,significant_correct_only,1.0,1.0,0.0,0.9,0.22704770871256888,0.5,0.7027047708712569,strong_multilayer_evidence,2,14
correct,delta_abs,-1.443957583598896,-0.1317639434412088,0.1317639434412088,0.0058778508834395,True,negligible,significant_but_weak,4.0,negative,0.01386389851183355,0.7,0.00843169456440905,5,0.3359921307783562,1.443957583598896,target_shared,same_direction,significant_correct_only,0.584278287103942,1.0,0.0,0.7,1.0,1.0,0.6860695717759855,strong_multilayer_evidence,3,10
correct,delta_rel,-0.0394681145542373,-0.208296811598445,0.208296811598445,1.1110858625283166e-08,True,small,small_to_moderate_effect,5.0,negative,0.0007158512910718,0.9,0.0005922321907547499,39,0.0025564866389498,0.0394681145542373,weak_cross_target_pattern,same_direction,significant_correct_only,0.9256485741162367,1.0,0.0,0.9,0.028056404308763955,0.5,0.6642177839599357,strong_multilayer_evidence,4,21
correct,beta_parietal,0.0551153219768879,0.1550481442910112,0.1550481442910112,2.7374404943671806e-09,True,negligible,significant_but_weak,4.0,positive,0.007564677691506001,0.9,0.00654402830507745,7,0.00543485157311,0.0551153219768879,weak_cross_target_pattern,same_direction,significant_correct_only,0.6881360742003142,1.0,0.0,0.9,0.5343424592745308,0.5,0.6554682644775317,strong_multilayer_evidence,5,19
correct,delta_parietal,-0.7315767031354068,-0.1212282540480741,0.1212282540480741,0.0041829227699469,True,negligible,significant_but_weak,4.0,negative,0.0024990489715959953,1.0,0.0024990489715959953,14,0.2250862982627182,0.7315767031354068,target_shared,same_direction,significant_both_targets,0.5372844738756484,1.0,0.0,1.0,0.15987579439280297,1.0,0.6503086979081923,strong_multilayer_evidence,6,1
correct,delta_central,-0.3607989816160346,-0.1334880864554219,0.1334880864554219,0.0020622242878812,True,negligible,significant_but_weak,4.0,negative,0.00039821055725525005,1.0,0.00039821055725525005,48,0.0850755417405622,0.3607989816160346,target_shared,same_direction,significant_correct_only,0.5919687240336408,1.0,0.0,1.0,0.0045754362395168105,1.0,0.648449724632362,strong_multilayer_evidence,7,15
correct,delta_frontoparietal_diff,-1.5195109433680205,-0.1362394741852295,0.1362394741852295,0.0029074766612216,True,negligible,significant_but_weak,4.0,negative,0.0019448598258040024,0.9,0.001936308231685242,29,0.2501825786103073,1.5195109433680205,target_shared,same_direction,significant_correct_only,0.6042411246586488,1.0,0.0,0.9,0.11890844905169633,1.0,0.6429511260698318,strong_multilayer_evidence,8,18
correct,beta_abs,0.0324235303582391,0.0978581244466391,0.0978581244466391,0.0033819575805418,True,negligible,significant_but_weak,3.0,positive,0.01084520521136635,1.0,0.01084520521136635,6,0.0058254016788378,0.0324235303582391,weak_cross_target_pattern,same_direction,significant_correct_only,0.4330434067152498,1.0,0.0,1.0,0.7768490201258077,0.5,0.6359457536913933,strong_multilayer_evidence,9,16
correct,gamma_parietal,0.0135698623330476,0.1242595828151386,0.1242595828151386,1.0619820128413021e-07,True,negligible,significant_but_weak,4.0,positive,0.0059840039699558,1.0,0.0059840039699558,9,0.0067033358779924,0.0135698623330476,weak_cross_target_pattern,same_direction,significant_both_targets,0.5508055347761158,1.0,0.0,1.0,0.41749425552666347,0.5,0.6294508092466954,strong_multilayer_evidence,10,2
correct,alpha_beta_central_ratio,1.0588167279465992,0.1583539341510638,0.1583539341510638,2.7374404943671806e-09,True,negligible,significant_but_weak,4.0,positive,0.012021455063968,0.7,0.0077659147943213505,3,0.2817822470669995,1.0588167279465992,target_dissociated,opposite_direction,significant_both_targets,0.7028813524121539,1.0,0.0,0.7,0.8638009827992957,0.25,0.6271004363829681,strong_multilayer_evidence,11,7
correct,alpha_beta_frontal_ratio,0.5925261508220454,0.1303176474367501,0.1303176474367501,0.0001014112496675,True,negligible,significant_but_weak,4.0,positive,0.009674993204413401,0.9,0.00797724141536835,1,0.114316307364513,0.5925261508220454,target_dissociated,opposite_direction,significant_correct_only,0.5778271701651067,1.0,0.0,0.9,0.6903433933462736,0.25,0.6184911318759041,strong_multilayer_evidence,12,20
correct,theta_rel,0.0247383786040161,0.1940892963849802,0.1940892963849802,4.763877686990766e-09,True,negligible,significant_but_weak,4.0,positive,0.0039801707477693,0.6,0.00238810244866155,25,0.0025920982226814,0.0247383786040161,weak_cross_target_pattern,opposite_direction,significant_correct_only,0.8622768011390672,1.0,0.0,0.6,0.2693648158892643,0.5,0.6125056818736934,strong_multilayer_evidence,13,29
correct,alpha_beta_parietal_ratio,0.9835138032318582,0.1202418218023179,0.1202418218023179,0.0001063347277625,True,negligible,significant_but_weak,4.0,positive,0.00716568202385405,1.0,0.00716568202385405,10,0.1230716605649302,0.9835138032318582,target_dissociated,opposite_direction,significant_correct_only,0.5328845517642734,1.0,0.0,1.0,0.5048474873314354,0.25,0.6087058866742119,strong_multilayer_evidence,14,22
correct,gamma_frontoparietal_ratio,-0.5796949672324905,-0.1110780447761194,0.1110780447761194,0.0020622242878812,True,negligible,significant_but_weak,4.0,negative,0.0009299386728895,0.9,0.0008261788928065499,42,0.2465378010723733,0.5796949672324905,target_shared,same_direction,significant_both_targets,0.4920100717026728,1.0,0.0,0.9,0.04388239399242151,1.0,0.6073907573249103,strong_multilayer_evidence,15,5
correct,theta_abs,0.4228316544939132,0.1237392080186769,0.1237392080186769,5.477629943419366e-06,True,negligible,significant_but_weak,4.0,positive,0.0111490543470897,0.8,0.0074800511417824,4,0.1930376038406147,0.4228316544939132,target_dissociated,opposite_direction,significant_both_targets,0.5484844340791298,1.0,0.0,0.8,0.7993104713636985,0.25,0.6020521556561524,strong_multilayer_evidence,16,6
correct,alpha_abs,0.2737862285941788,0.1011715846421198,0.1011715846421198,0.0029074766612216,True,negligible,significant_but_weak,4.0,positive,0.0080991555730645,1.0,0.0080991555730645,2,0.0458861984524665,0.2737862285941788,target_dissociated,opposite_direction,significant_correct_only,0.4478228980001078,1.0,0.0,1.0,0.5738526880786304,0.25,0.5943409933078901,moderate_multilayer_evidence,17,23
correct,theta_frontoparietal_ratio,-0.095871240909116,-0.1436826853394754,0.1436826853394754,0.0001240276747523,True,negligible,significant_but_weak,4.0,negative,0.00151312452548455,1.0,0.00151312452548455,40,0.0131054124356159,0.095871240909116,target_dissociated,opposite_direction,significant_correct_only,0.6374411234199365,1.0,0.0,1.0,0.08699326399541595,0.25,0.5930596072545259,moderate_multilayer_evidence,18,28
correct,theta_beta_ratio,0.7977931256118733,0.1075474890702915,0.1075474890702915,0.0002196680024521,True,negligible,significant_but_weak,4.0,positive,0.0093654184539337,0.9,0.0086930736881399,7,0.3424385498736004,0.7977931256118733,target_dissociated,opposite_direction,significant_both_targets,0.476262238861295,1.0,0.0,0.9,0.6674586872705811,0.25,0.5908114284423819,moderate_multilayer_evidence,19,8
remember,gamma_occipital,0.0153329162954944,0.121482354178585,0.121482354178585,1.877013265290833e-17,True,negligible,significant_but_weak,4.0,positive,0.0057535301373809,0.8,0.00534458703719855,5,0.0153329162954944,0.0132401140095298,weak_cross_target_pattern,same_direction,significant_both_targets,0.5384178723300765,1.0,0.0,0.8,0.40045692961929497,0.5,0.5846501610444488,moderate_multilayer_evidence,1,3
correct,beta_frontoparietal_diff,-0.0525472242842672,-0.1295457666058473,0.1295457666058473,0.0029946881408546,True,negligible,significant_but_weak,4.0,negative,0.0071649368344698,0.7,0.0049581179657687,8,0.0004816229401669,0.0525472242842672,weak_cross_target_pattern,same_direction,significant_correct_only,0.5743842418242633,1.0,0.0,0.7,0.5047924006681889,0.5,0.5840753005228848,moderate_multilayer_evidence,20,31
correct,alpha_central,0.2913718051586234,0.1548613622822838,0.1548613622822838,4.1929927970589225e-08,True,negligible,significant_but_weak,4.0,positive,0.00356808249547075,0.8,0.00255745366708945,25,0.0777916514710383,0.2913718051586234,target_dissociated,opposite_direction,significant_both_targets,0.6873029442071066,1.0,0.0,0.8,0.23890200031246073,0.25,0.5807159360830227,moderate_multilayer_evidence,21,11
correct,alpha_temporal,0.2003667333175489,0.100171074318177,0.100171074318177,0.001972721506344,True,negligible,significant_but_weak,4.0,positive,0.0060305022852520495,1.0,0.0060305022852520495,13,0.0507766219419318,0.2003667333175489,target_dissociated,opposite_direction,significant_correct_only,0.4433601814618825,1.0,0.0,1.0,0.42093155226007173,0.25,0.5779332005914779,moderate_multilayer_evidence,22,25
correct,delta_theta_ratio,-1.1145766762746154,-0.0968475666364546,0.0968475666364546,0.0001465080516652,True,negligible,significant_but_weak,3.0,negative,0.0009875659959552,0.8,0.00085216108995515,34,0.4211713678033959,1.1145766762746154,target_shared,same_direction,significant_correct_only,0.42853587396479215,1.0,0.0,0.8,0.04814238079122858,1.0,0.571948206570321,moderate_multilayer_evidence,23,24
correct,theta_parietal,0.6252947524007433,0.1193441987749964,0.1193441987749964,1.2914008919258045e-05,True,negligible,significant_but_weak,4.0,positive,0.0104165949155947,0.7,0.00921243450053165,4,0.3370532596592301,0.6252947524007433,target_dissociated,opposite_direction,significant_both_targets,0.5288807578670416,1.0,0.0,0.7,0.7451648448997892,0.25,0.5717366739567393,moderate_multilayer_evidence,24,9
correct,gamma_occipital,0.0132401140095298,0.1047373741240041,0.1047373741240041,0.0001541677604189,True,negligible,significant_but_weak,4.0,positive,0.0057535301373809,0.8,0.00534458703719855,5,0.0153329162954944,0.0132401140095298,weak_cross_target_pattern,same_direction,significant_both_targets,0.4637278889950282,1.0,0.0,0.8,0.40045692961929497,0.5,0.5659776652106867,moderate_multilayer_evidence,25,3
correct,theta_central,0.3493210928413732,0.1528240647860177,0.1528240647860177,7.168466810680754e-09,True,negligible,significant_but_weak,4.0,positive,0.00178101083502665,0.8,0.0014248086680213,24,0.1245452053242046,0.3493210928413732,target_dissociated,opposite_direction,significant_both_targets,0.6782157004153158,1.0,0.0,0.8,0.10679623386318915,0.25,0.565233548490148,moderate_multilayer_evidence,26,12
correct,alpha_beta_ratio,0.538241535729493,0.1115741527988019,0.1115741527988019,0.0009296003114551,True,negligible,significant_but_weak,4.0,positive,0.00508840732624855,0.9,0.004596793165952649,16,0.1015785012376735,0.538241535729493,target_dissociated,opposite_direction,significant_correct_only,0.49422293190470107,1.0,0.0,0.9,0.3512890307082364,0.25,0.5636846360469989,moderate_multilayer_evidence,27,30
remember,gamma_parietal,0.0067033358779924,0.0613886340082469,0.0613886340082469,6.381952089290735e-05,True,negligible,significant_but_weak,3.0,positive,0.0059840039699558,1.0,0.0059840039699558,9,0.0067033358779924,0.0135698623330476,weak_cross_target_pattern,same_direction,significant_both_targets,0.27037342298265965,1.0,0.0,1.0,0.41749425552666347,0.5,0.5593427812983313,moderate_multilayer_evidence,2,2
remember,delta_parietal,-0.2250862982627182,-0.0372919849166802,0.0372919849166802,0.0286871524647912,True,negligible,significant_but_weak,3.0,negative,0.0024990489715959953,1.0,0.0024990489715959953,14,0.2250862982627182,0.7315767031354068,target_shared,same_direction,significant_both_targets,0.1628917590324381,1.0,0.0,1.0,0.15987579439280297,1.0,0.5567105191973899,moderate_multilayer_evidence,3,1
correct,theta_occipital,0.6515027835828651,0.1035544831678395,0.1035544831678395,0.0001541677604189,True,negligible,significant_but_weak,4.0,positive,0.0042180341234053995,0.9,0.0038249567778256503,18,0.1364415539417218,0.6515027835828651,target_dissociated,opposite_direction,significant_correct_only,0.45845167454059865,1.0,0.0,0.9,0.28694839926991567,0.25,0.5483077585621413,moderate_multilayer_evidence,28,32
remember,delta_temporal,-0.3563561735405196,-0.0468236166143879,0.0468236166143879,0.0055163795352057,True,negligible,significant_but_weak,3.0,negative,0.0016653490074815,0.9,0.001449890500627,36,0.3563561735405196,0.2506245280249448,target_shared,same_direction,significant_remember_only,0.20540703288389003,1.0,0.0,0.9,0.09824616017841122,1.0,0.5411763742388136,moderate_multilayer_evidence,4,26
remember,gamma_frontoparietal_ratio,-0.2465378010723733,-0.0472393923056144,0.0472393923056144,0.0043090467750375,True,negligible,significant_but_weak,3.0,negative,0.0009299386728895,0.9,0.0008261788928065499,42,0.2465378010723733,0.5796949672324905,target_shared,same_direction,significant_both_targets,0.20726157551980856,1.0,0.0,0.9,0.04388239399242151,1.0,0.5362036332791943,moderate_multilayer_evidence,5,5
remember,gamma_central,0.0055102751278641,0.0350651750312705,0.0350651750312705,0.0298705373269322,True,negligible,significant_but_weak,3.0,positive,0.0067983480610636,1.0,0.0067983480610636,8,0.0055102751278641,0.0032240221168111,weak_cross_target_pattern,same_direction,significant_remember_only,0.15295920654868214,1.0,0.0,1.0,0.4776930448032486,0.5,0.5360091061174954,moderate_multilayer_evidence,6,27
correct,alpha_rel,0.0175304277247444,0.1294403336185308,0.1294403336185308,0.0001465080516652,True,negligible,significant_but_weak,4.0,positive,0.00047769841972693857,0.7,0.00037629714896557316,43,0.0034309465301826,0.0175304277247444,weak_cross_target_pattern,same_direction,significant_correct_only,0.573913964281981,1.0,0.0,0.7,0.010451420525802889,0.5,0.5345236331230755,moderate_multilayer_evidence,29,37
correct,theta_frontoparietal_diff,-0.3007786594133896,-0.0980979543414767,0.0980979543414767,0.000323467232544,True,negligible,significant_but_weak,3.0,negative,0.00248887261693465,0.9,0.0023229997505376998,31,0.1770006101954757,0.3007786594133896,target_dissociated,opposite_direction,significant_both_targets,0.4341131536358361,1.0,0.0,0.9,0.15912352733941434,0.25,0.5294406411429005,moderate_multilayer_evidence,30,13
correct,alpha_frontal,0.1761544002949546,0.099496406033894,0.099496406033894,0.0029946881408546,True,negligible,significant_but_weak,3.0,positive,0.0021939683097671,0.9,0.00205899286514415,34,0.0242559269682092,0.1761544002949546,target_dissociated,opposite_direction,significant_correct_only,0.44035086387861083,1.0,0.0,0.9,0.137323305003686,0.25,0.5288200464700213,moderate_multilayer_evidence,31,36
correct,beta_central,0.0159778114775971,0.0771164318879058,0.0771164318879058,0.0055011199100795,True,negligible,significant_but_weak,3.0,positive,0.0021501764855749,0.9,0.00186987814748005,30,0.0062002185686043,0.0159778114775971,weak_cross_target_pattern,same_direction,significant_correct_only,0.3405263259840204,1.0,0.0,0.9,0.13408608031529007,0.5,0.5285401895275341,moderate_multilayer_evidence,32,33
remember,theta_abs,-0.1930376038406147,-0.0564929984650997,0.0564929984650997,0.0004393692914317,True,negligible,significant_but_weak,3.0,negative,0.0111490543470897,0.8,0.0074800511417824,4,0.1930376038406147,0.4228316544939132,target_dissociated,opposite_direction,significant_both_targets,0.2485367330648294,1.0,0.0,0.8,0.7993104713636985,0.25,0.5270652304025772,moderate_multilayer_evidence,7,6
correct,theta_alpha_occipital_ratio,0.1631099213552205,0.056103224729366,0.056103224729366,0.0288426366003303,True,negligible,significant_but_weak,3.0,positive,0.00134209886948125,0.9,0.00119665078901615,35,0.0298974587509148,0.1631099213552205,target_preferential,same_direction,significant_correct_only,0.2467981705982575,1.0,0.0,0.9,0.07435052790995265,0.75,0.5241345954405597,moderate_multilayer_evidence,33,34
remember,theta_beta_ratio,-0.3424385498736004,-0.0461622866138733,0.0461622866138733,0.0053448649841291,True,negligible,significant_but_weak,3.0,negative,0.0093654184539337,0.9,0.0086930736881399,7,0.3424385498736004,0.7977931256118733,target_dissociated,opposite_direction,significant_both_targets,0.20245720991865515,1.0,0.0,0.9,0.6674586872705811,0.25,0.522360171206722,moderate_multilayer_evidence,8,8
correct,beta_frontoparietal_ratio,-0.178807458673208,-0.0878939764907035,0.0878939764907035,0.0085918631731332,True,negligible,significant_but_weak,3.0,negative,0.00441289023094785,0.6,0.0026477341385687,26,0.0463761073516613,0.178807458673208,target_preferential,same_direction,significant_correct_only,0.38859891992870443,1.0,0.0,0.6,0.30135275473253886,0.75,0.52228500545543,moderate_multilayer_evidence,34,35
remember,theta_parietal,-0.3370532596592301,-0.064341317636975,0.064341317636975,6.358390947165893e-05,True,negligible,significant_but_weak,3.0,negative,0.0104165949155947,0.7,0.00921243450053165,4,0.3370532596592301,0.6252947524007433,target_dissociated,opposite_direction,significant_both_targets,0.2835436919411491,1.0,0.0,0.7,0.7451648448997892,0.25,0.5104024074752662,moderate_multilayer_evidence,9,9
correct,theta_temporal,0.3108521749391855,0.113538613324556,0.113538613324556,5.245038754930327e-06,True,negligible,significant_but_weak,4.0,positive,0.00275328787539725,0.7,0.00204262731018465,33,0.1777613758745846,0.3108521749391855,target_dissociated,opposite_direction,significant_both_targets,0.5029852907401656,1.0,0.0,0.7,0.17866990656597734,0.25,0.5086133133416392,moderate_multilayer_evidence,35,17
remember,alpha_beta_central_ratio,-0.2817822470669995,-0.0421266841185034,0.0421266841185034,0.0114251934499194,True,negligible,significant_but_weak,3.0,negative,0.012021455063968,0.7,0.0077659147943213505,3,0.2817822470669995,1.0588167279465992,target_dissociated,opposite_direction,significant_both_targets,0.18445664603959583,1.0,0.0,0.7,0.8638009827992957,0.25,0.4974942597898286,moderate_multilayer_evidence,10,7
correct,delta_frontoparietal_ratio,-0.069527851805583,-0.0574309172897982,0.0574309172897982,0.0459357547964619,True,negligible,significant_but_weak,3.0,negative,0.0030330416944707,0.8,0.00193199461503725,32,0.0091484223653113,0.069527851805583,weak_cross_target_pattern,opposite_direction,significant_correct_only,0.2527202639593434,1.0,0.0,0.8,0.199350158793034,0.5,0.49311508186913927,moderate_multilayer_evidence,36,38
remember,theta_frontoparietal_diff,0.1770006101954757,0.0577387196849785,0.0577387196849785,0.000384690812106,True,negligible,significant_but_weak,3.0,positive,0.00248887261693465,0.9,0.0023229997505376998,31,0.1770006101954757,0.3007786594133896,target_dissociated,opposite_direction,significant_both_targets,0.2540931981576266,1.0,0.0,0.9,0.15912352733941434,0.25,0.48443565227334817,moderate_multilayer_evidence,11,13
remember,theta_central,-0.1245452053242046,-0.0544767857481047,0.0544767857481047,0.0006842357801919,True,negligible,significant_but_weak,3.0,negative,0.00178101083502665,0.8,0.0014248086680213,24,0.1245452053242046,0.3493210928413732,target_dissociated,opposite_direction,significant_both_targets,0.2395435366715574,1.0,0.0,0.8,0.10679623386318915,0.25,0.4555655075542083,moderate_multilayer_evidence,12,12
remember,theta_temporal,-0.1777613758745846,-0.0649411751065834,0.0649411751065834,6.358390947165893e-05,True,negligible,significant_but_weak,3.0,negative,0.00275328787539725,0.7,0.00204262731018465,33,0.1777613758745846,0.3108521749391855,target_dissociated,opposite_direction,significant_both_targets,0.28621932035410735,1.0,0.0,0.7,0.17866990656597734,0.25,0.45442182074512466,moderate_multilayer_evidence,13,17
remember,alpha_central,-0.0777916514710383,-0.0413306165575085,0.0413306165575085,0.013157370794358,True,negligible,significant_but_weak,3.0,negative,0.00356808249547075,0.8,0.00255745366708945,25,0.0777916514710383,0.2913718051586234,target_dissociated,opposite_direction,significant_both_targets,0.18090583423388001,1.0,0.0,0.8,0.23890200031246073,0.25,0.45411665858971617,moderate_multilayer_evidence,14,11
correct,beta_occipital,0.03696126697373,0.0689181029967217,0.0689181029967217,0.0140042952109003,True,negligible,significant_but_weak,3.0,positive,0.00118110247705915,0.6,0.0007086614862355001,48,0.0124622517896336,0.03696126697373,weak_cross_target_pattern,same_direction,significant_correct_only,0.303958169661238,1.0,0.0,0.6,0.06244918545835572,0.5,0.45223446096114506,moderate_multilayer_evidence,37,42
correct,alpha_beta_occipital_ratio,0.9078951350575944,0.078030347565542,0.078030347565542,0.0064923061224597,True,negligible,significant_but_weak,3.0,positive,0.00033631596584126185,0.7,0.00016008166423791187,55,0.3011693679807816,0.9078951350575944,target_dissociated,opposite_direction,significant_correct_only,0.3446027922748007,1.0,0.0,0.7,0.0,0.25,0.45115069806870023,moderate_multilayer_evidence,38,43
correct,theta_alpha_parietal_ratio,0.0862189671251065,0.0563982204593509,0.0563982204593509,0.0488369886158184,True,negligible,significant_but_weak,3.0,positive,0.00451447176811795,0.6000000000000001,0.0035792002301505517,17,0.021540623757889,0.0862189671251065,target_dissociated,opposite_direction,significant_correct_only,0.24811398143139465,1.0,0.0,0.6000000000000001,0.3088619705754091,0.25,0.4379146924153896,ml_supported_evidence,39,44
remember,delta_abs,-0.3359921307783562,-0.0306508017913887,0.0306508017913887,0.075235628328045,False,negligible,non_significant,0.0,negative,0.01386389851183355,0.7,0.00843169456440905,5,0.3359921307783562,1.443957583598896,target_shared,same_direction,significant_correct_only,0.13326915838817344,0.0,0.0,0.7,1.0,1.0,0.37331728959704336,ml_supported_evidence,15,10
correct,gamma_abs,0.0129560515684556,0.0602417604193382,0.0602417604193382,0.2323581920120306,False,negligible,non_significant,0.0,positive,0.00762312907001345,1.0,0.00762312907001345,10,0.0061325332000337,0.0129560515684556,weak_cross_target_pattern,same_direction,not_fdr_significant,0.26525786184351313,0.0,0.0,1.0,0.5386633627551579,0.5,0.37018080173639406,ml_supported_evidence,40,39
remember,beta_temporal,0.0102360165548607,0.020879038033935,0.020879038033935,0.226355094182684,False,negligible,non_significant,0.0,positive,0.0092352241343385,1.0,0.0092352241343385,2,0.0102360165548607,0.1063339822220392,target_preferential,same_direction,significant_correct_only,0.08968278982761,0.0,0.0,1.0,0.6578343276222438,0.75,0.3632041302191269,ml_supported_evidence,16,4
remember,beta_abs,0.0058254016788378,0.0175784192476756,0.0175784192476756,0.2888167647544805,False,negligible,non_significant,0.0,positive,0.01084520521136635,1.0,0.01084520521136635,6,0.0058254016788378,0.0324235303582391,weak_cross_target_pattern,same_direction,significant_correct_only,0.07496057688155029,0.0,0.0,1.0,0.7768490201258077,0.5,0.3464250462329684,ml_supported_evidence,17,16
correct,beta_rel,-0.0015474107262714,-0.0341803801682514,0.0341803801682514,0.352561982543611,False,negligible,non_significant,0.0,negative,0.0106082600620509,0.9,0.008503849304595051,3,0.0014700022763138,0.0015474107262714,weak_cross_target_pattern,opposite_direction,not_fdr_significant,0.14901263191207909,0.0,0.0,0.9,0.7593333148244457,0.5,0.3431864894604644,ml_supported_evidence,41,40
remember,beta_rel,0.0014700022763138,0.032473857696238,0.032473857696238,0.0624524551161886,False,negligible,non_significant,0.0,positive,0.0106082600620509,0.9,0.008503849304595051,3,0.0014700022763138,0.0015474107262714,weak_cross_target_pattern,opposite_direction,not_fdr_significant,0.14140079035836536,0.0,0.0,0.9,0.7593333148244457,0.5,0.3412835290720359,ml_supported_evidence,18,40
remember,gamma_abs,0.0061325332000337,0.0285148435528455,0.0285148435528455,0.091290198291162,False,negligible,non_significant,0.0,positive,0.00762312907001345,1.0,0.00762312907001345,10,0.0061325332000337,0.0129560515684556,weak_cross_target_pattern,same_direction,not_fdr_significant,0.12374184424858405,0.0,0.0,1.0,0.5386633627551579,0.5,0.3348017973376618,ml_supported_evidence,19,39
remember,delta_central,-0.0850755417405622,-0.0314666493462431,0.0314666493462431,0.0704710631615681,False,negligible,non_significant,0.0,negative,0.00039821055725525005,1.0,0.00039821055725525005,48,0.0850755417405622,0.3607989816160346,target_shared,same_direction,significant_correct_only,0.13690819767501602,0.0,0.0,1.0,0.0045754362395168105,1.0,0.3346845930427057,ml_supported_evidence,20,15
correct,delta_occipital,0.4761461561323274,0.0174660790826604,0.0174660790826604,0.314151408837659,False,negligible,non_significant,0.0,positive,0.0019900991317369,1.0,0.0019900991317369,28,0.4747954999468851,0.4761461561323274,target_shared,same_direction,not_fdr_significant,0.07445949028571726,0.0,0.0,1.0,0.12225267598796442,1.0,0.3308401401702258,ml_supported_evidence,42,41
remember,delta_occipital,0.4747954999468851,0.0174170614251832,0.0174170614251832,0.288006678655872,False,negligible,non_significant,0.0,positive,0.0019900991317369,1.0,0.0019900991317369,28,0.4747954999468851,0.4761461561323274,target_shared,same_direction,not_fdr_significant,0.07424084995242564,0.0,0.0,1.0,0.12225267598796442,1.0,0.3307854800869029,ml_supported_evidence,21,41
correct,gamma_frontal,-0.0095864648697016,-0.0266857335426586,0.0266857335426586,0.6941613184779467,False,negligible,non_significant,0.0,negative,0.00684344425828315,1.0,0.00684344425828315,11,0.0004946483939569,0.0095864648697016,weak_cross_target_pattern,opposite_direction,not_fdr_significant,0.11558320830315298,0.0,0.0,1.0,0.48102669270864684,0.5,0.32699847134665294,ml_supported_evidence,43,45
correct,delta_temporal,-0.2506245280249448,-0.0329228639910991,0.0329228639910991,0.2160553922594293,False,negligible,non_significant,0.0,negative,0.0016653490074815,0.9,0.001449890500627,36,0.3563561735405196,0.2506245280249448,target_shared,same_direction,significant_remember_only,0.14340355611689087,0.0,0.0,0.9,0.09824616017841122,1.0,0.3256755050470639,ml_supported_evidence,44,26
correct,gamma_central,0.0032240221168111,0.0205134634057944,0.0205134634057944,0.4618488166486459,False,negligible,non_significant,0.0,positive,0.0067983480610636,1.0,0.0067983480610636,8,0.0055102751278641,0.0032240221168111,weak_cross_target_pattern,same_direction,significant_remember_only,0.08805216603501442,0.0,0.0,1.0,0.4776930448032486,0.5,0.31978234598907845,ml_supported_evidence,45,27
remember,delta_frontoparietal_diff,-0.2501825786103073,-0.0224228531334693,0.0224228531334693,0.2099856088182827,False,negligible,non_significant,0.0,negative,0.0019448598258040024,0.9,0.001936308231685242,29,0.2501825786103073,1.5195109433680205,target_shared,same_direction,significant_correct_only,0.09656888486509368,0.0,0.0,0.9,0.11890844905169633,1.0,0.3160330661214431,ml_supported_evidence,22,18
correct,alpha_frontoparietal_diff,-0.2457983468651301,-0.0643057311497376,0.0643057311497376,0.0550740446736389,False,negligible,non_significant,0.0,negative,0.0017077766773523,1.0,0.0017077766773523,21,0.0684199667011435,0.2457983468651301,target_dissociated,opposite_direction,not_fdr_significant,0.2833849605404517,0.0,0.0,1.0,0.10138254243492678,0.25,0.30598449437860564,ml_supported_evidence,46,49
remember,delta_theta_ratio,-0.4211713678033959,-0.0365942103721929,0.0365942103721929,0.0528720554185598,False,negligible,non_significant,0.0,negative,0.0009875659959552,0.8,0.00085216108995515,34,0.4211713678033959,1.1145766762746154,target_shared,same_direction,significant_correct_only,0.15977937735569073,0.0,0.0,0.8,0.04814238079122858,1.0,0.30475908241804556,ml_supported_evidence,23,24
correct,alpha_occipital,0.3252131024252485,0.0299271492552854,0.0299271492552854,0.4467871442454787,False,negligible,non_significant,0.0,positive,0.001908979664045425,0.8,0.001164788168212625,23,0.0827543413084308,0.3252131024252485,target_shared,same_direction,not_fdr_significant,0.13004134947554744,0.0,0.0,0.8,0.11625607848684567,1.0,0.3041359452175715,ml_supported_evidence,47,47
remember,alpha_beta_frontal_ratio,-0.114316307364513,-0.0251340145453779,0.0251340145453779,0.1537306237957149,False,negligible,non_significant,0.0,negative,0.009674993204413401,0.9,0.00797724141536835,1,0.114316307364513,0.5925261508220454,target_dissociated,opposite_direction,significant_correct_only,0.10866185840188108,0.0,0.0,0.9,0.6903433933462736,0.25,0.3011998039350977,ml_supported_evidence,24,20
remember,alpha_abs,-0.0458861984524665,-0.0169526810028491,0.0169526810028491,0.3015399647253492,False,negligible,non_significant,0.0,negative,0.0080991555730645,1.0,0.0080991555730645,2,0.0458861984524665,0.2737862285941788,target_dissociated,opposite_direction,significant_correct_only,0.07216950881662249,0.0,0.0,1.0,0.5738526880786304,0.25,0.3004276460120187,ml_supported_evidence,25,23
remember,beta_parietal,0.00543485157311,0.0152807745495806,0.0152807745495806,0.3558232428929716,False,negligible,non_significant,0.0,positive,0.007564677691506001,0.9,0.00654402830507745,7,0.00543485157311,0.0551153219768879,weak_cross_target_pattern,same_direction,significant_correct_only,0.06471206994686268,0.0,0.0,0.9,0.5343424592745308,0.5,0.2996122634141688,ml_supported_evidence,26,19
remember,gamma_frontal,0.0004946483939569,0.001376924039651,0.001376924039651,0.9318645678505734,False,negligible,non_significant,0.0,positive,0.00684344425828315,1.0,0.00684344425828315,11,0.0004946483939569,0.0095864648697016,weak_cross_target_pattern,opposite_direction,not_fdr_significant,0.002694775241542836,0.0,0.0,1.0,0.48102669270864684,0.5,0.2987763630812504,ml_supported_evidence,27,45
remember,theta_alpha_frontal_ratio,-0.0374592341778501,-0.0186542458605755,0.0186542458605755,0.27700194077565,False,negligible,non_significant,0.0,negative,0.00668501288704695,0.9,0.00535912365919955,9,0.0374592341778501,0.0279890214491596,weak_cross_target_pattern,same_direction,not_fdr_significant,0.0797592372279335,0.0,0.0,0.9,0.46931496441591236,0.5,0.2968713057485746,ml_supported_evidence,28,46
remember,alpha_temporal,-0.0507766219419318,-0.0253811414745022,0.0253811414745022,0.1534755902104805,False,negligible,non_significant,0.0,negative,0.0060305022852520495,1.0,0.0060305022852520495,13,0.0507766219419318,0.2003667333175489,target_dissociated,opposite_direction,significant_correct_only,0.1097641533080423,0.0,0.0,1.0,0.42093155226007173,0.25,0.2945341935530178,ml_supported_evidence,29,25
correct,theta_alpha_frontal_ratio,-0.0279890214491596,-0.0139376584825778,0.0139376584825778,0.7103693696157518,False,negligible,non_significant,0.0,negative,0.00668501288704695,0.9,0.00535912365919955,9,0.0374592341778501,0.0279890214491596,weak_cross_target_pattern,same_direction,not_fdr_significant,0.05872118095598382,0.0,0.0,0.9,0.46931496441591236,0.5,0.2916117916805872,ml_supported_evidence,48,46
remember,alpha_beta_parietal_ratio,-0.1230716605649302,-0.0150416495942942,0.0150416495942942,0.3612440624792554,False,negligible,non_significant,0.0,negative,0.00716568202385405,1.0,0.00716568202385405,10,0.1230716605649302,0.9835138032318582,target_dissociated,opposite_direction,significant_correct_only,0.0636454673670376,0.0,0.0,1.0,0.5048474873314354,0.25,0.29139611557490297,ml_supported_evidence,30,22
remember,gamma_temporal,0.0114701590569815,0.0312448118356394,0.0312448118356394,0.0695944480178895,False,negligible,non_significant,0.0,positive,0.00340772258732895,0.9,0.00306249882753775,17,0.0114701590569815,0.0824967064193827,weak_cross_target_pattern,same_direction,significant_correct_only,0.13591870470959763,0.0,0.0,0.9,0.22704770871256888,0.5,0.2866844470486563,ml_supported_evidence,31,14
remember,beta_frontal,0.0049532286329431,0.0111369292690498,0.0111369292690498,0.4906610496685583,False,negligible,non_significant,0.0,positive,0.00367365156521145,1.0,0.00367365156521145,19,0.0049532286329431,0.0025680976926206,weak_cross_target_pattern,same_direction,not_fdr_significant,0.04622869559006887,0.0,0.0,1.0,0.24670598667748767,0.5,0.286227772565266,ml_supported_evidence,32,48
correct,gamma_rel,-0.0012532810482517,-0.0383588679762054,0.0383588679762054,0.3147258418455821,False,negligible,non_significant,0.0,negative,0.00688705283359555,0.7,0.00427850593513155,16,0.0002476360551346,0.0012532810482517,weak_cross_target_pattern,opposite_direction,not_fdr_significant,0.167650527193203,0.0,0.0,0.7,0.4842503710831188,0.5,0.28033766890661266,ml_supported_evidence,49,51
correct,beta_frontal,0.0025680976926206,0.0057740734374395,0.0057740734374395,0.901876309660952,False,negligible,non_significant,0.0,positive,0.00367365156521145,1.0,0.00367365156521145,19,0.0049532286329431,0.0025680976926206,weak_cross_target_pattern,same_direction,not_fdr_significant,0.022307997483195795,0.0,0.0,1.0,0.24670598667748767,0.5,0.2802475980385477,ml_supported_evidence,50,48
remember,alpha_occipital,0.0827543413084308,0.0076152108796948,0.0076152108796948,0.6195672198226734,False,negligible,non_significant,0.0,positive,0.001908979664045425,0.8,0.001164788168212625,23,0.0827543413084308,0.3252131024252485,target_shared,same_direction,not_fdr_significant,0.030520281070954534,0.0,0.0,0.8,0.11625607848684567,1.0,0.27925567811642327,ml_supported_evidence,33,47
remember,beta_central,0.0062002185686043,0.0299242403666285,0.0299242403666285,0.075235628328045,False,negligible,non_significant,0.0,positive,0.0021501764855749,0.9,0.00186987814748005,30,0.0062002185686043,0.0159778114775971,weak_cross_target_pattern,same_direction,significant_correct_only,0.13002837455144486,0.0,0.0,0.9,0.13408608031529007,0.5,0.2759157016693903,ml_supported_evidence,34,33
remember,theta_alpha_occipital_ratio,0.0298974587509148,0.0102828802101789,0.0102828802101789,0.5208818257007937,False,negligible,non_significant,0.0,positive,0.00134209886948125,0.9,0.00119665078901615,35,0.0298974587509148,0.1631099213552205,target_preferential,same_direction,significant_correct_only,0.042419260776383874,0.0,0.0,0.9,0.07435052790995265,0.75,0.2730398679850913,ml_supported_evidence,35,34
remember,theta_alpha_ratio,-0.0195697834671273,-0.0136997910549058,0.0136997910549058,0.3941173734800816,False,negligible,non_significant,0.0,negative,0.0058340915162535,0.8,0.00466727321300275,12,0.0195697834671273,0.0160163635110861,weak_cross_target_pattern,opposite_direction,not_fdr_significant,0.05766018750296909,0.0,0.0,0.8,0.4064122714993907,0.5,0.2650562740256814,ml_supported_evidence,36,50
remember,alpha_beta_ratio,-0.1015785012376735,-0.0210514973095009,0.0210514973095009,0.226355094182684,False,negligible,non_significant,0.0,negative,0.00508840732624855,0.9,0.004596793165952649,16,0.1015785012376735,0.538241535729493,target_dissociated,opposite_direction,significant_correct_only,0.09045203412506543,0.0,0.0,0.9,0.3512890307082364,0.25,0.26274191160209004,ml_supported_evidence,37,30
correct,theta_alpha_ratio,0.0160163635110861,0.0112119990113349,0.0112119990113349,0.7615209718709419,False,negligible,non_significant,0.0,positive,0.0058340915162535,0.8,0.00466727321300275,12,0.0195697834671273,0.0160163635110861,weak_cross_target_pattern,opposite_direction,not_fdr_significant,0.04656353969152282,0.0,0.0,0.8,0.4064122714993907,0.5,0.2622821120728198,ml_supported_evidence,51,50
remember,theta_occipital,-0.1364415539417218,-0.0216827027461096,0.0216827027461096,0.2217732219267152,False,negligible,non_significant,0.0,negative,0.0042180341234053995,0.9,0.0038249567778256503,18,0.1364415539417218,0.6515027835828651,target_dissociated,opposite_direction,significant_correct_only,0.0932674882723756,0.0,0.0,0.9,0.28694839926991567,0.25,0.2570117119950855,ml_supported_evidence,38,32
remember,theta_frontoparietal_ratio,0.0131054124356159,0.0196324079613274,0.0196324079613274,0.2459270338739749,False,negligible,non_significant,0.0,positive,0.00151312452548455,1.0,0.00151312452548455,40,0.0131054124356159,0.095871240909116,target_dissociated,opposite_direction,significant_correct_only,0.0841222708515029,0.0,0.0,1.0,0.08699326399541595,0.25,0.25472989411241737,ml_supported_evidence,39,28
remember,alpha_frontoparietal_diff,0.0684199667011435,0.0178989658652217,0.0178989658652217,0.288006678655872,False,negligible,non_significant,0.0,positive,0.0017077766773523,1.0,0.0017077766773523,21,0.0684199667011435,0.2457983468651301,target_dissociated,opposite_direction,not_fdr_significant,0.07639035592246797,0.0,0.0,1.0,0.10138254243492678,0.25,0.2542358432241097,ml_supported_evidence,40,49
remember,beta_frontoparietal_ratio,-0.0463761073516613,-0.0227937422186211,0.0227937422186211,0.1999256381151888,False,negligible,non_significant,0.0,negative,0.00441289023094785,0.6,0.0026477341385687,26,0.0463761073516613,0.178807458673208,target_preferential,same_direction,significant_correct_only,0.09822321347574861,0.0,0.0,0.6,0.30135275473253886,0.75,0.24969107884219105,ml_supported_evidence,41,35
remember,alpha_beta_temporal_ratio,-0.0396094661899448,-0.0080214744846278,0.0080214744846278,0.6195672198226734,False,negligible,non_significant,0.0,negative,0.0018276411525332001,0.9,0.0014882095604522,38,0.0396094661899448,0.0317793366853029,weak_cross_target_pattern,same_direction,not_fdr_significant,0.0323323956141296,0.0,0.0,0.9,0.11024328860101922,0.5,0.24910742776363437,ml_supported_evidence,42,52
correct,alpha_frontoparietal_ratio,-0.0200598330384644,-0.0512989091636434,0.0512989091636434,0.115737511894209,False,negligible,non_significant,0.0,negative,0.0005815637610920501,0.7,0.0003765856137707,47,0.0066978027009623,0.0200598330384644,weak_cross_target_pattern,opposite_direction,not_fdr_significant,0.22536880798507428,0.0,0.0,0.7,0.018129462113202616,0.5,0.24815514820758883,ml_supported_evidence,52,53
correct,alpha_beta_temporal_ratio,-0.0317793366853029,-0.0064357181233943,0.0064357181233943,0.8906554669090857,False,negligible,non_significant,0.0,negative,0.0018276411525332001,0.9,0.0014882095604522,38,0.0396094661899448,0.0317793366853029,weak_cross_target_pattern,same_direction,not_fdr_significant,0.025259224084040157,0.0,0.0,0.9,0.11024328860101922,0.5,0.24733913488111198,ml_supported_evidence,53,52
remember,delta_rel,-0.0025564866389498,-0.0134784566816841,0.0134784566816841,0.3948965932189974,False,negligible,non_significant,0.0,negative,0.0007158512910718,0.9,0.0005922321907547499,39,0.0025564866389498,0.0394681145542373,weak_cross_target_pattern,same_direction,significant_correct_only,0.056672938751790095,0.0,0.0,0.9,0.028056404308763955,0.5,0.24697387511882396,ml_supported_evidence,43,21
remember,gamma_rel,0.0002476360551346,0.0075791241470586,0.0075791241470586,0.6195672198226734,False,negligible,non_significant,0.0,positive,0.00688705283359555,0.7,0.00427850593513155,16,0.0002476360551346,0.0012532810482517,weak_cross_target_pattern,opposite_direction,not_fdr_significant,0.03035931835553602,0.0,0.0,0.7,0.4842503710831188,0.5,0.2460148666971959,ml_supported_evidence,44,51
remember,beta_frontoparietal_diff,-0.0004816229401669,-0.0011868798601503,0.0011868798601503,0.9318645678505734,False,negligible,non_significant,0.0,negative,0.0071649368344698,0.7,0.0049581179657687,8,0.0004816229401669,0.0525472242842672,weak_cross_target_pattern,same_direction,significant_correct_only,0.001847094530454315,0.0,0.0,0.7,0.5047924006681889,0.5,0.24094101369943244,ml_supported_evidence,45,31
remember,delta_frontoparietal_ratio,0.0091484223653113,0.0075561753071401,0.0075561753071401,0.6195672198226734,False,negligible,non_significant,0.0,positive,0.0030330416944707,0.8,0.00193199461503725,32,0.0091484223653113,0.069527851805583,weak_cross_target_pattern,opposite_direction,significant_correct_only,0.0302569564258422,0.0,0.0,0.8,0.199350158793034,0.5,0.23749925498576402,ml_supported_evidence,46,38
remember,alpha_frontal,-0.0242559269682092,-0.0136974350604846,0.0136974350604846,0.3941173734800816,False,negligible,non_significant,0.0,negative,0.0021939683097671,0.9,0.00205899286514415,34,0.0242559269682092,0.1761544002949546,target_dissociated,opposite_direction,significant_correct_only,0.0576496787305798,0.0,0.0,0.9,0.137323305003686,0.25,0.23314475018301356,ml_supported_evidence,47,36
remember,theta_alpha_central_ratio,-0.0040230730696786,-0.0026636156982537,0.0026636156982537,0.8787550533952064,False,negligible,non_significant,0.0,negative,0.00242722834925975,0.8,0.00152869822629905,39,0.0040230730696786,0.0011671837226672,weak_cross_target_pattern,opposite_direction,not_fdr_significant,0.008433986529052893,0.0,0.0,0.8,0.15456659579120044,0.5,0.2275651562113833,ml_supported_evidence,48,54
correct,theta_alpha_central_ratio,0.0011671837226672,0.0007727739828918,0.0007727739828918,0.9790552018633376,False,negligible,non_significant,0.0,positive,0.00242722834925975,0.8,0.00152869822629905,39,0.0040230730696786,0.0011671837226672,weak_cross_target_pattern,opposite_direction,not_fdr_significant,0.0,0.0,0.0,0.8,0.15456659579120044,0.5,0.2254566595791201,ml_supported_evidence,54,54
remember,theta_rel,-0.0025920982226814,-0.0203195364647338,0.0203195364647338,0.2365792551830987,False,negligible,non_significant,0.0,negative,0.0039801707477693,0.6,0.00238810244866155,25,0.0025920982226814,0.0247383786040161,weak_cross_target_pattern,opposite_direction,significant_correct_only,0.08718716649791011,0.0,0.0,0.6,0.2693648158892643,0.5,0.21873327321340397,ml_supported_evidence,49,29
remember,alpha_rel,0.0034309465301826,0.0253251429847427,0.0253251429847427,0.1534755902104805,False,negligible,non_significant,0.0,positive,0.00047769841972693857,0.7,0.00037629714896557316,43,0.0034309465301826,0.0175304277247444,weak_cross_target_pattern,same_direction,significant_correct_only,0.10951437538932923,0.0,0.0,0.7,0.010451420525802889,0.5,0.2184237358999126,ml_supported_evidence,50,37
remember,alpha_frontoparietal_ratio,0.0066978027009623,0.0171278030209513,0.0171278030209513,0.2988155563626926,False,negligible,non_significant,0.0,positive,0.0005815637610920501,0.7,0.0003765856137707,47,0.0066978027009623,0.0200598330384644,weak_cross_target_pattern,opposite_direction,not_fdr_significant,0.07295063011811219,0.0,0.0,0.7,0.018129462113202616,0.5,0.21005060374084827,ml_supported_evidence,51,53
remember,beta_occipital,0.0124622517896336,0.0232360755883752,0.0232360755883752,0.1912390089786783,False,negligible,non_significant,0.0,positive,0.00118110247705915,0.6,0.0007086614862355001,48,0.0124622517896336,0.03696126697373,weak_cross_target_pattern,same_direction,significant_correct_only,0.10019621505041645,0.0,0.0,0.6,0.06244918545835572,0.5,0.20129397230843965,ml_supported_evidence,52,42
remember,alpha_beta_occipital_ratio,-0.3011693679807816,-0.0258828177785306,0.0258828177785306,0.1480707834853794,False,negligible,non_significant,0.0,negative,0.00033631596584126185,0.7,0.00016008166423791187,55,0.3011693679807816,0.9078951350575944,target_dissociated,opposite_direction,significant_correct_only,0.11200185049641365,0.0,0.0,0.7,0.0,0.25,0.1930004626241034,exploratory_evidence,53,43
remember,theta_alpha_parietal_ratio,-0.021540623757889,-0.014089596638575,0.014089596638575,0.393430396838869,False,negligible,non_significant,0.0,negative,0.00451447176811795,0.6000000000000001,0.0035792002301505517,17,0.021540623757889,0.0862189671251065,target_dissociated,opposite_direction,significant_correct_only,0.059398892025354984,0.0,0.0,0.6000000000000001,0.3088619705754091,0.25,0.19073592006387968,ml_supported_evidence,54,44
remember,theta_alpha_temporal_ratio,-0.0404204162061454,-0.0205651245509221,0.0205651245509221,0.2325156448518141,False,negligible,non_significant,0.0,negative,0.0014346148991075001,0.5,0.0008195341525291,45,0.0404204162061454,0.0099048116899713,weak_cross_target_pattern,same_direction,not_fdr_significant,0.0882825974870723,0.0,0.0,0.5,0.08118959389322837,0.5,0.1801896087610909,exploratory_evidence,55,55
correct,theta_alpha_temporal_ratio,-0.0099048116899713,-0.0050391154361881,0.0050391154361881,0.8906554669090857,False,negligible,non_significant,0.0,negative,0.0014346148991075001,0.5,0.0008195341525291,45,0.0404204162061454,0.0099048116899713,weak_cross_target_pattern,same_direction,not_fdr_significant,0.01902976121856613,0.0,0.0,0.5,0.08118959389322837,0.5,0.1628763996939644,exploratory_evidence,55,55
