subject,file,set_path,status,fdt_path,channels,samples,trials,sampling_rate,file_size_mb,min,max,mean,std,error
sub-001,sub-001_ses-01_task-WorkingMemory_run-1_eeg.set,C:\Users\Ali\Desktop\BrainPerturbationProject\data\sub-001\ses-01\eeg\sub-001_ses-01_task-WorkingMemory_run-1_eeg.set,OK,C:\Users\Ali\Desktop\BrainPerturbationProject\data\sub-001\ses-01\eeg\sub-001_ses-01_task-WorkingMemory_run-1_eeg.fdt,71,163238,1,250.0,44.21,-810.989013671875,1000.0001220703125,-20.204721450805664,50.63671112060547,
sub-001,sub-001_ses-01_task-WorkingMemory_run-2_eeg.set,C:\Users\Ali\Desktop\BrainPerturbationProject\data\sub-001\ses-01\eeg\sub-001_ses-01_task-WorkingMemory_run-2_eeg.set,OK,C:\Users\Ali\Desktop\BrainPerturbationProject\data\sub-001\ses-01\eeg\sub-001_ses-01_task-WorkingMemory_run-2_eeg.fdt,71,153762,1,250.0,41.65,-696.7033081054688,774.3590087890625,-19.31743621826172,34.30708694458008,
sub-002,sub-002_ses-01_task-WorkingMemory_run-1_eeg.set,C:\Users\Ali\Desktop\BrainPerturbationProject\data\sub-002\ses-01\eeg\sub-002_ses-01_task-WorkingMemory_run-1_eeg.set,OK,C:\Users\Ali\Desktop\BrainPerturbationProject\data\sub-002\ses-01\eeg\sub-002_ses-01_task-WorkingMemory_run-1_eeg.fdt,71,181121,1,250.0,49.06,-782.6617431640625,991.2088623046875,-35.672889709472656,51.58069610595703,
sub-002,sub-002_ses-01_task-WorkingMemory_run-2_eeg.set,C:\Users\Ali\Desktop\BrainPerturbationProject\data\sub-002\ses-01\eeg\sub-002_ses-01_task-WorkingMemory_run-2_eeg.set,OK,C:\Users\Ali\Desktop\BrainPerturbationProject\data\sub-002\ses-01\eeg\sub-002_ses-01_task-WorkingMemory_run-2_eeg.fdt,71,190745,1,250.0,51.66,-819.7802734375,1000.0001220703125,-23.265779495239258,61.8422737121582,
sub-002,sub-002_ses-01_task-WorkingMemory_run-3_eeg.set,C:\Users\Ali\Desktop\BrainPerturbationProject\data\sub-002\ses-01\eeg\sub-002_ses-01_task-WorkingMemory_run-3_eeg.set,OK,C:\Users\Ali\Desktop\BrainPerturbationProject\data\sub-002\ses-01\eeg\sub-002_ses-01_task-WorkingMemory_run-3_eeg.fdt,71,191226,1,250.0,51.79,-1000.0,1000.0001220703125,-37.436458587646484,64.39605712890625,
sub-002,sub-002_ses-01_task-WorkingMemory_run-4_eeg.set,C:\Users\Ali\Desktop\BrainPerturbationProject\data\sub-002\ses-01\eeg\sub-002_ses-01_task-WorkingMemory_run-4_eeg.set,OK,C:\Users\Ali\Desktop\BrainPerturbationProject\data\sub-002\ses-01\eeg\sub-002_ses-01_task-WorkingMemory_run-4_eeg.fdt,71,181354,1,250.0,49.12,-899.3894653320312,1000.0001220703125,-38.94762420654297,63.6292724609375,
sub-003,sub-003_ses-01_task-WorkingMemory_run-1_eeg.set,C:\Users\Ali\Desktop\BrainPerturbationProject\data\sub-003\ses-01\eeg\sub-003_ses-01_task-WorkingMemory_run-1_eeg.set,OK,C:\Users\Ali\Desktop\BrainPerturbationProject\data\sub-003\ses-01\eeg\sub-003_ses-01_task-WorkingMemory_run-1_eeg.fdt,71,181791,1,250.0,49.24,-968.2539672851562,1000.0001220703125,-40.87100601196289,45.512939453125,
sub-003,sub-003_ses-01_task-WorkingMemory_run-2_eeg.set,C:\Users\Ali\Desktop\BrainPerturbationProject\data\sub-003\ses-01\eeg\sub-003_ses-01_task-WorkingMemory_run-2_eeg.set,OK,C:\Users\Ali\Desktop\BrainPerturbationProject\data\sub-003\ses-01\eeg\sub-003_ses-01_task-WorkingMemory_run-2_eeg.fdt,71,195999,1,250.0,53.09,-1000.0,578.5104370117188,-41.906986236572266,84.80831146240234,
sub-003,sub-003_ses-01_task-WorkingMemory_run-3_eeg.set,C:\Users\Ali\Desktop\BrainPerturbationProject\data\sub-003\ses-01\eeg\sub-003_ses-01_task-WorkingMemory_run-3_eeg.set,OK,C:\Users\Ali\Desktop\BrainPerturbationProject\data\sub-003\ses-01\eeg\sub-003_ses-01_task-WorkingMemory_run-3_eeg.fdt,71,196085,1,250.0,53.11,-1000.0,659.5848999023438,-50.109622955322266,70.58087921142578,
sub-003,sub-003_ses-01_task-WorkingMemory_run-4_eeg.set,C:\Users\Ali\Desktop\BrainPerturbationProject\data\sub-003\ses-01\eeg\sub-003_ses-01_task-WorkingMemory_run-4_eeg.set,OK,C:\Users\Ali\Desktop\BrainPerturbationProject\data\sub-003\ses-01\eeg\sub-003_ses-01_task-WorkingMemory_run-4_eeg.fdt,71,168221,1,250.0,45.56,-1000.0,496.9475402832031,-41.93649673461914,81.34529113769531,
sub-004,sub-004_ses-01_task-WorkingMemory_run-1_eeg.set,C:\Users\Ali\Desktop\BrainPerturbationProject\data\sub-004\ses-01\eeg\sub-004_ses-01_task-WorkingMemory_run-1_eeg.set,OK,C:\Users\Ali\Desktop\BrainPerturbationProject\data\sub-004\ses-01\eeg\sub-004_ses-01_task-WorkingMemory_run-1_eeg.fdt,71,168263,1,250.0,45.57,-1000.0,1000.0001220703125,-9.717220306396484,228.12820434570312,
sub-004,sub-004_ses-01_task-WorkingMemory_run-2_eeg.set,C:\Users\Ali\Desktop\BrainPerturbationProject\data\sub-004\ses-01\eeg\sub-004_ses-01_task-WorkingMemory_run-2_eeg.set,OK,C:\Users\Ali\Desktop\BrainPerturbationProject\data\sub-004\ses-01\eeg\sub-004_ses-01_task-WorkingMemory_run-2_eeg.fdt,71,184071,1,250.0,49.85,-1000.0,1000.0001220703125,112.78250122070312,463.2611083984375,
sub-004,sub-004_ses-01_task-WorkingMemory_run-3_eeg.set,C:\Users\Ali\Desktop\BrainPerturbationProject\data\sub-004\ses-01\eeg\sub-004_ses-01_task-WorkingMemory_run-3_eeg.set,OK,C:\Users\Ali\Desktop\BrainPerturbationProject\data\sub-004\ses-01\eeg\sub-004_ses-01_task-WorkingMemory_run-3_eeg.fdt,71,158672,1,250.0,42.98,-1000.0,1000.0001220703125,61.87380599975586,56.56907272338867,
sub-004,sub-004_ses-01_task-WorkingMemory_run-4_eeg.set,C:\Users\Ali\Desktop\BrainPerturbationProject\data\sub-004\ses-01\eeg\sub-004_ses-01_task-WorkingMemory_run-4_eeg.set,OK,C:\Users\Ali\Desktop\BrainPerturbationProject\data\sub-004\ses-01\eeg\sub-004_ses-01_task-WorkingMemory_run-4_eeg.fdt,71,165216,1,250.0,44.75,-1000.0,1000.0001220703125,17.68653678894043,132.72303771972656,
sub-005,sub-005_ses-01_task-WorkingMemory_run-1_eeg.set,C:\Users\Ali\Desktop\BrainPerturbationProject\data\sub-005\ses-01\eeg\sub-005_ses-01_task-WorkingMemory_run-1_eeg.set,OK,C:\Users\Ali\Desktop\BrainPerturbationProject\data\sub-005\ses-01\eeg\sub-005_ses-01_task-WorkingMemory_run-1_eeg.fdt,71,149831,1,250.0,40.58,-532.1123046875,503.2967529296875,-45.94581604003906,36.47655487060547,
sub-005,sub-005_ses-01_task-WorkingMemory_run-2_eeg.set,C:\Users\Ali\Desktop\BrainPerturbationProject\data\sub-005\ses-01\eeg\sub-005_ses-01_task-WorkingMemory_run-2_eeg.set,OK,C:\Users\Ali\Desktop\BrainPerturbationProject\data\sub-005\ses-01\eeg\sub-005_ses-01_task-WorkingMemory_run-2_eeg.fdt,71,153479,1,250.0,41.57,-603.4187622070312,606.837646484375,-38.06131362915039,29.8319149017334,
sub-005,sub-005_ses-01_task-WorkingMemory_run-3_eeg.set,C:\Users\Ali\Desktop\BrainPerturbationProject\data\sub-005\ses-01\eeg\sub-005_ses-01_task-WorkingMemory_run-3_eeg.set,OK,C:\Users\Ali\Desktop\BrainPerturbationProject\data\sub-005\ses-01\eeg\sub-005_ses-01_task-WorkingMemory_run-3_eeg.fdt,71,154782,1,250.0,41.92,-778.7545776367188,649.3284912109375,-39.28065872192383,26.588626861572266,
sub-005,sub-005_ses-01_task-WorkingMemory_run-4_eeg.set,C:\Users\Ali\Desktop\BrainPerturbationProject\data\sub-005\ses-01\eeg\sub-005_ses-01_task-WorkingMemory_run-4_eeg.set,OK,C:\Users\Ali\Desktop\BrainPerturbationProject\data\sub-005\ses-01\eeg\sub-005_ses-01_task-WorkingMemory_run-4_eeg.fdt,71,152042,1,250.0,41.18,-511.5994873046875,494.50555419921875,-38.707733154296875,25.7388858795166,
sub-006,sub-006_ses-01_task-WorkingMemory_run-1_eeg.set,C:\Users\Ali\Desktop\BrainPerturbationProject\data\sub-006\ses-01\eeg\sub-006_ses-01_task-WorkingMemory_run-1_eeg.set,OK,C:\Users\Ali\Desktop\BrainPerturbationProject\data\sub-006\ses-01\eeg\sub-006_ses-01_task-WorkingMemory_run-1_eeg.fdt,71,174047,1,250.0,47.14,-399.26739501953125,661.0501098632812,-2.8504717350006104,38.607452392578125,
sub-006,sub-006_ses-01_task-WorkingMemory_run-2_eeg.set,C:\Users\Ali\Desktop\BrainPerturbationProject\data\sub-006\ses-01\eeg\sub-006_ses-01_task-WorkingMemory_run-2_eeg.set,OK,C:\Users\Ali\Desktop\BrainPerturbationProject\data\sub-006\ses-01\eeg\sub-006_ses-01_task-WorkingMemory_run-2_eeg.fdt,71,143883,1,250.0,38.97,-329.91448974609375,1000.0001220703125,1.1193914413452148,43.36189651489258,
sub-006,sub-006_ses-01_task-WorkingMemory_run-3_eeg.set,C:\Users\Ali\Desktop\BrainPerturbationProject\data\sub-006\ses-01\eeg\sub-006_ses-01_task-WorkingMemory_run-3_eeg.set,OK,C:\Users\Ali\Desktop\BrainPerturbationProject\data\sub-006\ses-01\eeg\sub-006_ses-01_task-WorkingMemory_run-3_eeg.fdt,71,139419,1,250.0,37.76,-370.45172119140625,631.74609375,8.47500228881836,45.99801254272461,
sub-006,sub-006_ses-01_task-WorkingMemory_run-4_eeg.set,C:\Users\Ali\Desktop\BrainPerturbationProject\data\sub-006\ses-01\eeg\sub-006_ses-01_task-WorkingMemory_run-4_eeg.set,OK,C:\Users\Ali\Desktop\BrainPerturbationProject\data\sub-006\ses-01\eeg\sub-006_ses-01_task-WorkingMemory_run-4_eeg.fdt,71,140169,1,250.0,37.96,-401.7093505859375,1000.0001220703125,12.877954483032227,49.77206802368164,
sub-007,sub-007_ses-01_task-WorkingMemory_run-1_eeg.set,C:\Users\Ali\Desktop\BrainPerturbationProject\data\sub-007\ses-01\eeg\sub-007_ses-01_task-WorkingMemory_run-1_eeg.set,OK,C:\Users\Ali\Desktop\BrainPerturbationProject\data\sub-007\ses-01\eeg\sub-007_ses-01_task-WorkingMemory_run-1_eeg.fdt,71,150987,1,250.0,40.89,-767.5213623046875,1000.0001220703125,-24.584936141967773,38.766727447509766,
sub-007,sub-007_ses-01_task-WorkingMemory_run-2_eeg.set,C:\Users\Ali\Desktop\BrainPerturbationProject\data\sub-007\ses-01\eeg\sub-007_ses-01_task-WorkingMemory_run-2_eeg.set,OK,C:\Users\Ali\Desktop\BrainPerturbationProject\data\sub-007\ses-01\eeg\sub-007_ses-01_task-WorkingMemory_run-2_eeg.fdt,71,139325,1,250.0,37.74,-778.7545776367188,602.4420776367188,-24.0609130859375,36.63014221191406,
sub-007,sub-007_ses-01_task-WorkingMemory_run-3_eeg.set,C:\Users\Ali\Desktop\BrainPerturbationProject\data\sub-007\ses-01\eeg\sub-007_ses-01_task-WorkingMemory_run-3_eeg.set,OK,C:\Users\Ali\Desktop\BrainPerturbationProject\data\sub-007\ses-01\eeg\sub-007_ses-01_task-WorkingMemory_run-3_eeg.fdt,71,145492,1,250.0,39.41,-768.009765625,1000.0001220703125,-22.90511703491211,40.66891860961914,
sub-007,sub-007_ses-01_task-WorkingMemory_run-4_eeg.set,C:\Users\Ali\Desktop\BrainPerturbationProject\data\sub-007\ses-01\eeg\sub-007_ses-01_task-WorkingMemory_run-4_eeg.set,OK,C:\Users\Ali\Desktop\BrainPerturbationProject\data\sub-007\ses-01\eeg\sub-007_ses-01_task-WorkingMemory_run-4_eeg.fdt,71,150365,1,250.0,40.73,-792.4298095703125,1000.0001220703125,-23.711273193359375,41.86857986450195,
sub-008,sub-008_ses-01_task-WorkingMemory_run-1_eeg.set,C:\Users\Ali\Desktop\BrainPerturbationProject\data\sub-008\ses-01\eeg\sub-008_ses-01_task-WorkingMemory_run-1_eeg.set,OK,C:\Users\Ali\Desktop\BrainPerturbationProject\data\sub-008\ses-01\eeg\sub-008_ses-01_task-WorkingMemory_run-1_eeg.fdt,71,153584,1,250.0,41.6,-886.6911010742188,1000.0001220703125,9.706151962280273,38.953556060791016,
sub-008,sub-008_ses-01_task-WorkingMemory_run-2_eeg.set,C:\Users\Ali\Desktop\BrainPerturbationProject\data\sub-008\ses-01\eeg\sub-008_ses-01_task-WorkingMemory_run-2_eeg.set,OK,C:\Users\Ali\Desktop\BrainPerturbationProject\data\sub-008\ses-01\eeg\sub-008_ses-01_task-WorkingMemory_run-2_eeg.fdt,71,218911,1,250.0,59.29,-873.5042724609375,1000.0001220703125,10.226181983947754,46.18387985229492,
sub-008,sub-008_ses-01_task-WorkingMemory_run-3_eeg.set,C:\Users\Ali\Desktop\BrainPerturbationProject\data\sub-008\ses-01\eeg\sub-008_ses-01_task-WorkingMemory_run-3_eeg.set,OK,C:\Users\Ali\Desktop\BrainPerturbationProject\data\sub-008\ses-01\eeg\sub-008_ses-01_task-WorkingMemory_run-3_eeg.fdt,71,189474,1,250.0,51.32,-861.7826538085938,1000.0001220703125,43.22897720336914,50.95878982543945,
sub-008,sub-008_ses-01_task-WorkingMemory_run-4_eeg.set,C:\Users\Ali\Desktop\BrainPerturbationProject\data\sub-008\ses-01\eeg\sub-008_ses-01_task-WorkingMemory_run-4_eeg.set,OK,C:\Users\Ali\Desktop\BrainPerturbationProject\data\sub-008\ses-01\eeg\sub-008_ses-01_task-WorkingMemory_run-4_eeg.fdt,71,329898,1,250.0,89.35,-1000.0,1000.0001220703125,65.32743835449219,73.28362274169922,
sub-009,sub-009_ses-01_task-WorkingMemory_run-1_eeg.set,C:\Users\Ali\Desktop\BrainPerturbationProject\data\sub-009\ses-01\eeg\sub-009_ses-01_task-WorkingMemory_run-1_eeg.set,OK,C:\Users\Ali\Desktop\BrainPerturbationProject\data\sub-009\ses-01\eeg\sub-009_ses-01_task-WorkingMemory_run-1_eeg.fdt,71,153971,1,250.0,41.7,-1000.0,501.8315734863281,-41.66746520996094,25.674236297607422,
sub-009,sub-009_ses-01_task-WorkingMemory_run-2_eeg.set,C:\Users\Ali\Desktop\BrainPerturbationProject\data\sub-009\ses-01\eeg\sub-009_ses-01_task-WorkingMemory_run-2_eeg.set,OK,C:\Users\Ali\Desktop\BrainPerturbationProject\data\sub-009\ses-01\eeg\sub-009_ses-01_task-WorkingMemory_run-2_eeg.fdt,71,157195,1,250.0,42.58,-1000.0,1000.0001220703125,-45.0350456237793,58.67884826660156,
sub-009,sub-009_ses-01_task-WorkingMemory_run-3_eeg.set,C:\Users\Ali\Desktop\BrainPerturbationProject\data\sub-009\ses-01\eeg\sub-009_ses-01_task-WorkingMemory_run-3_eeg.set,OK,C:\Users\Ali\Desktop\BrainPerturbationProject\data\sub-009\ses-01\eeg\sub-009_ses-01_task-WorkingMemory_run-3_eeg.fdt,71,156203,1,250.0,42.31,-1000.0,1000.0001220703125,-41.448543548583984,37.406124114990234,
sub-009,sub-009_ses-01_task-WorkingMemory_run-4_eeg.set,C:\Users\Ali\Desktop\BrainPerturbationProject\data\sub-009\ses-01\eeg\sub-009_ses-01_task-WorkingMemory_run-4_eeg.set,OK,C:\Users\Ali\Desktop\BrainPerturbationProject\data\sub-009\ses-01\eeg\sub-009_ses-01_task-WorkingMemory_run-4_eeg.fdt,71,159257,1,250.0,43.13,-571.6727905273438,298.6569519042969,-41.78742599487305,19.291259765625,
sub-010,sub-010_ses-01_task-WorkingMemory_run-1_eeg.set,C:\Users\Ali\Desktop\BrainPerturbationProject\data\sub-010\ses-01\eeg\sub-010_ses-01_task-WorkingMemory_run-1_eeg.set,OK,C:\Users\Ali\Desktop\BrainPerturbationProject\data\sub-010\ses-01\eeg\sub-010_ses-01_task-WorkingMemory_run-1_eeg.fdt,71,154877,1,250.0,41.95,-489.133056640625,413.4310607910156,-23.203189849853516,29.78766441345215,
sub-010,sub-010_ses-01_task-WorkingMemory_run-2_eeg.set,C:\Users\Ali\Desktop\BrainPerturbationProject\data\sub-010\ses-01\eeg\sub-010_ses-01_task-WorkingMemory_run-2_eeg.set,OK,C:\Users\Ali\Desktop\BrainPerturbationProject\data\sub-010\ses-01\eeg\sub-010_ses-01_task-WorkingMemory_run-2_eeg.fdt,71,148326,1,250.0,40.17,-598.5347900390625,565.81201171875,-23.852807998657227,28.627172470092773,
sub-010,sub-010_ses-01_task-WorkingMemory_run-3_eeg.set,C:\Users\Ali\Desktop\BrainPerturbationProject\data\sub-010\ses-01\eeg\sub-010_ses-01_task-WorkingMemory_run-3_eeg.set,OK,C:\Users\Ali\Desktop\BrainPerturbationProject\data\sub-010\ses-01\eeg\sub-010_ses-01_task-WorkingMemory_run-3_eeg.fdt,71,148571,1,250.0,40.24,-715.7508544921875,603.9072265625,-20.71834373474121,29.978561401367188,
sub-010,sub-010_ses-01_task-WorkingMemory_run-4_eeg.set,C:\Users\Ali\Desktop\BrainPerturbationProject\data\sub-010\ses-01\eeg\sub-010_ses-01_task-WorkingMemory_run-4_eeg.set,OK,C:\Users\Ali\Desktop\BrainPerturbationProject\data\sub-010\ses-01\eeg\sub-010_ses-01_task-WorkingMemory_run-4_eeg.fdt,71,147960,1,250.0,40.07,-884.7374877929688,685.4701538085938,-15.845523834228516,33.118812561035156,
sub-011,sub-011_ses-01_task-WorkingMemory_run-1_eeg.set,C:\Users\Ali\Desktop\BrainPerturbationProject\data\sub-011\ses-01\eeg\sub-011_ses-01_task-WorkingMemory_run-1_eeg.set,OK,C:\Users\Ali\Desktop\BrainPerturbationProject\data\sub-011\ses-01\eeg\sub-011_ses-01_task-WorkingMemory_run-1_eeg.fdt,71,187847,1,250.0,50.88,-327.4725036621094,342.12457275390625,-10.805744171142578,17.012405395507812,
sub-011,sub-011_ses-01_task-WorkingMemory_run-2_eeg.set,C:\Users\Ali\Desktop\BrainPerturbationProject\data\sub-011\ses-01\eeg\sub-011_ses-01_task-WorkingMemory_run-2_eeg.set,OK,C:\Users\Ali\Desktop\BrainPerturbationProject\data\sub-011\ses-01\eeg\sub-011_ses-01_task-WorkingMemory_run-2_eeg.fdt,71,191647,1,250.0,51.91,-414.40777587890625,250.3052978515625,-9.918298721313477,18.548355102539062,
sub-011,sub-011_ses-01_task-WorkingMemory_run-3_eeg.set,C:\Users\Ali\Desktop\BrainPerturbationProject\data\sub-011\ses-01\eeg\sub-011_ses-01_task-WorkingMemory_run-3_eeg.set,OK,C:\Users\Ali\Desktop\BrainPerturbationProject\data\sub-011\ses-01\eeg\sub-011_ses-01_task-WorkingMemory_run-3_eeg.fdt,71,212631,1,250.0,57.59,-417.33819580078125,537.9732055664062,-8.211060523986816,19.397829055786133,
sub-011,sub-011_ses-01_task-WorkingMemory_run-4_eeg.set,C:\Users\Ali\Desktop\BrainPerturbationProject\data\sub-011\ses-01\eeg\sub-011_ses-01_task-WorkingMemory_run-4_eeg.set,OK,C:\Users\Ali\Desktop\BrainPerturbationProject\data\sub-011\ses-01\eeg\sub-011_ses-01_task-WorkingMemory_run-4_eeg.fdt,71,203451,1,250.0,55.1,-471.5506591796875,617.0941162109375,-6.408079624176025,22.747615814208984,
sub-012,sub-012_ses-01_task-WorkingMemory_run-1_eeg.set,C:\Users\Ali\Desktop\BrainPerturbationProject\data\sub-012\ses-01\eeg\sub-012_ses-01_task-WorkingMemory_run-1_eeg.set,OK,C:\Users\Ali\Desktop\BrainPerturbationProject\data\sub-012\ses-01\eeg\sub-012_ses-01_task-WorkingMemory_run-1_eeg.fdt,71,136499,1,250.0,36.97,-830.5250244140625,1000.0001220703125,-22.219423294067383,50.80910110473633,
sub-012,sub-012_ses-01_task-WorkingMemory_run-2_eeg.set,C:\Users\Ali\Desktop\BrainPerturbationProject\data\sub-012\ses-01\eeg\sub-012_ses-01_task-WorkingMemory_run-2_eeg.set,OK,C:\Users\Ali\Desktop\BrainPerturbationProject\data\sub-012\ses-01\eeg\sub-012_ses-01_task-WorkingMemory_run-2_eeg.fdt,71,140935,1,250.0,38.17,-808.0586547851562,983.8828125,-21.869009017944336,52.11122512817383,
sub-012,sub-012_ses-01_task-WorkingMemory_run-3_eeg.set,C:\Users\Ali\Desktop\BrainPerturbationProject\data\sub-012\ses-01\eeg\sub-012_ses-01_task-WorkingMemory_run-3_eeg.set,OK,C:\Users\Ali\Desktop\BrainPerturbationProject\data\sub-012\ses-01\eeg\sub-012_ses-01_task-WorkingMemory_run-3_eeg.fdt,71,139549,1,250.0,37.8,-777.7777709960938,1000.0001220703125,-23.619544982910156,53.15056610107422,
sub-014,sub-014_ses-01_task-WorkingMemory_run-1_eeg.set,C:\Users\Ali\Desktop\BrainPerturbationProject\data\sub-014\ses-01\eeg\sub-014_ses-01_task-WorkingMemory_run-1_eeg.set,OK,C:\Users\Ali\Desktop\BrainPerturbationProject\data\sub-014\ses-01\eeg\sub-014_ses-01_task-WorkingMemory_run-1_eeg.fdt,71,588801,1,1000.0,159.47,-500.0,499.9847412109375,-0.22578048706054688,43.78190994262695,
sub-014,sub-014_ses-01_task-WorkingMemory_run-2_eeg.set,C:\Users\Ali\Desktop\BrainPerturbationProject\data\sub-014\ses-01\eeg\sub-014_ses-01_task-WorkingMemory_run-2_eeg.set,OK,C:\Users\Ali\Desktop\BrainPerturbationProject\data\sub-014\ses-01\eeg\sub-014_ses-01_task-WorkingMemory_run-2_eeg.fdt,71,606465,1,1000.0,164.26,-500.0,499.9847412109375,1.6264487504959106,41.10297393798828,
sub-014,sub-014_ses-01_task-WorkingMemory_run-3_eeg.set,C:\Users\Ali\Desktop\BrainPerturbationProject\data\sub-014\ses-01\eeg\sub-014_ses-01_task-WorkingMemory_run-3_eeg.set,OK,C:\Users\Ali\Desktop\BrainPerturbationProject\data\sub-014\ses-01\eeg\sub-014_ses-01_task-WorkingMemory_run-3_eeg.fdt,71,595967,1,1000.0,161.41,-500.0,499.9847412109375,-1.6499388217926025,34.25751876831055,
sub-015,sub-015_ses-01_task-WorkingMemory_run-1_eeg.set,C:\Users\Ali\Desktop\BrainPerturbationProject\data\sub-015\ses-01\eeg\sub-015_ses-01_task-WorkingMemory_run-1_eeg.set,OK,C:\Users\Ali\Desktop\BrainPerturbationProject\data\sub-015\ses-01\eeg\sub-015_ses-01_task-WorkingMemory_run-1_eeg.fdt,71,299520,1,500.0,81.12,-500.0,499.9847412109375,-2.9358248710632324,40.60906982421875,
sub-015,sub-015_ses-01_task-WorkingMemory_run-2_eeg.set,C:\Users\Ali\Desktop\BrainPerturbationProject\data\sub-015\ses-01\eeg\sub-015_ses-01_task-WorkingMemory_run-2_eeg.set,OK,C:\Users\Ali\Desktop\BrainPerturbationProject\data\sub-015\ses-01\eeg\sub-015_ses-01_task-WorkingMemory_run-2_eeg.fdt,71,281601,1,500.0,76.27,-445.648193359375,465.02685546875,-4.825210094451904,24.750152587890625,
sub-015,sub-015_ses-01_task-WorkingMemory_run-3_eeg.set,C:\Users\Ali\Desktop\BrainPerturbationProject\data\sub-015\ses-01\eeg\sub-015_ses-01_task-WorkingMemory_run-3_eeg.set,OK,C:\Users\Ali\Desktop\BrainPerturbationProject\data\sub-015\ses-01\eeg\sub-015_ses-01_task-WorkingMemory_run-3_eeg.fdt,71,277759,1,500.0,75.23,-500.0,499.9847412109375,-5.84978723526001,26.434659957885742,
sub-016,sub-016_ses-01_task-WorkingMemory_run-1_eeg.set,C:\Users\Ali\Desktop\BrainPerturbationProject\data\sub-016\ses-01\eeg\sub-016_ses-01_task-WorkingMemory_run-1_eeg.set,OK,C:\Users\Ali\Desktop\BrainPerturbationProject\data\sub-016\ses-01\eeg\sub-016_ses-01_task-WorkingMemory_run-1_eeg.fdt,71,388097,1,500.0,105.11,-500.0,499.9847412109375,11.145195007324219,36.3940544128418,
sub-016,sub-016_ses-01_task-WorkingMemory_run-2_eeg.set,C:\Users\Ali\Desktop\BrainPerturbationProject\data\sub-016\ses-01\eeg\sub-016_ses-01_task-WorkingMemory_run-2_eeg.set,OK,C:\Users\Ali\Desktop\BrainPerturbationProject\data\sub-016\ses-01\eeg\sub-016_ses-01_task-WorkingMemory_run-2_eeg.fdt,71,345857,1,500.0,93.67,-500.0,499.9847412109375,11.159802436828613,40.403106689453125,
sub-016,sub-016_ses-01_task-WorkingMemory_run-3_eeg.set,C:\Users\Ali\Desktop\BrainPerturbationProject\data\sub-016\ses-01\eeg\sub-016_ses-01_task-WorkingMemory_run-3_eeg.set,OK,C:\Users\Ali\Desktop\BrainPerturbationProject\data\sub-016\ses-01\eeg\sub-016_ses-01_task-WorkingMemory_run-3_eeg.fdt,71,283391,1,500.0,76.75,-500.0,499.9847412109375,11.226191520690918,33.69614028930664,
sub-017,sub-017_ses-01_task-WorkingMemory_run-1_eeg.set,C:\Users\Ali\Desktop\BrainPerturbationProject\data\sub-017\ses-01\eeg\sub-017_ses-01_task-WorkingMemory_run-1_eeg.set,OK,C:\Users\Ali\Desktop\BrainPerturbationProject\data\sub-017\ses-01\eeg\sub-017_ses-01_task-WorkingMemory_run-1_eeg.fdt,71,278273,1,500.0,75.37,-500.0,499.9847412109375,11.196845054626465,40.391422271728516,
sub-017,sub-017_ses-01_task-WorkingMemory_run-2_eeg.set,C:\Users\Ali\Desktop\BrainPerturbationProject\data\sub-017\ses-01\eeg\sub-017_ses-01_task-WorkingMemory_run-2_eeg.set,OK,C:\Users\Ali\Desktop\BrainPerturbationProject\data\sub-017\ses-01\eeg\sub-017_ses-01_task-WorkingMemory_run-2_eeg.fdt,71,277505,1,500.0,75.16,-500.0,499.9847412109375,11.317617416381836,37.34746551513672,
sub-017,sub-017_ses-01_task-WorkingMemory_run-3_eeg.set,C:\Users\Ali\Desktop\BrainPerturbationProject\data\sub-017\ses-01\eeg\sub-017_ses-01_task-WorkingMemory_run-3_eeg.set,OK,C:\Users\Ali\Desktop\BrainPerturbationProject\data\sub-017\ses-01\eeg\sub-017_ses-01_task-WorkingMemory_run-3_eeg.fdt,71,257791,1,500.0,69.82,-500.0,499.9847412109375,10.396698951721191,36.78330993652344,
sub-018,sub-018_ses-01_task-WorkingMemory_run-1_eeg.set,C:\Users\Ali\Desktop\BrainPerturbationProject\data\sub-018\ses-01\eeg\sub-018_ses-01_task-WorkingMemory_run-1_eeg.set,OK,C:\Users\Ali\Desktop\BrainPerturbationProject\data\sub-018\ses-01\eeg\sub-018_ses-01_task-WorkingMemory_run-1_eeg.fdt,71,308992,1,500.0,83.69,-500.0,499.9847412109375,14.820900917053223,27.97063446044922,
sub-018,sub-018_ses-01_task-WorkingMemory_run-2_eeg.set,C:\Users\Ali\Desktop\BrainPerturbationProject\data\sub-018\ses-01\eeg\sub-018_ses-01_task-WorkingMemory_run-2_eeg.set,OK,C:\Users\Ali\Desktop\BrainPerturbationProject\data\sub-018\ses-01\eeg\sub-018_ses-01_task-WorkingMemory_run-2_eeg.fdt,71,297472,1,500.0,80.57,-380.5694580078125,385.345458984375,13.908106803894043,19.72091293334961,
sub-018,sub-018_ses-01_task-WorkingMemory_run-3_eeg.set,C:\Users\Ali\Desktop\BrainPerturbationProject\data\sub-018\ses-01\eeg\sub-018_ses-01_task-WorkingMemory_run-3_eeg.set,OK,C:\Users\Ali\Desktop\BrainPerturbationProject\data\sub-018\ses-01\eeg\sub-018_ses-01_task-WorkingMemory_run-3_eeg.fdt,71,292607,1,500.0,79.25,-291.3360595703125,398.1781005859375,13.983901977539062,19.366315841674805,
sub-019,sub-019_ses-01_task-WorkingMemory_run-1_eeg.set,C:\Users\Ali\Desktop\BrainPerturbationProject\data\sub-019\ses-01\eeg\sub-019_ses-01_task-WorkingMemory_run-1_eeg.set,OK,C:\Users\Ali\Desktop\BrainPerturbationProject\data\sub-019\ses-01\eeg\sub-019_ses-01_task-WorkingMemory_run-1_eeg.fdt,71,319489,1,500.0,86.53,-500.0,499.9847412109375,13.413373947143555,20.337961196899414,
sub-019,sub-019_ses-01_task-WorkingMemory_run-2_eeg.set,C:\Users\Ali\Desktop\BrainPerturbationProject\data\sub-019\ses-01\eeg\sub-019_ses-01_task-WorkingMemory_run-2_eeg.set,OK,C:\Users\Ali\Desktop\BrainPerturbationProject\data\sub-019\ses-01\eeg\sub-019_ses-01_task-WorkingMemory_run-2_eeg.fdt,71,313856,1,500.0,85.01,-438.568115234375,499.9847412109375,13.640198707580566,23.011821746826172,
sub-019,sub-019_ses-01_task-WorkingMemory_run-3_eeg.set,C:\Users\Ali\Desktop\BrainPerturbationProject\data\sub-019\ses-01\eeg\sub-019_ses-01_task-WorkingMemory_run-3_eeg.set,OK,C:\Users\Ali\Desktop\BrainPerturbationProject\data\sub-019\ses-01\eeg\sub-019_ses-01_task-WorkingMemory_run-3_eeg.fdt,71,327679,1,500.0,88.75,-500.0,499.9847412109375,14.103632926940918,24.34954261779785,
sub-020,sub-020_ses-01_task-WorkingMemory_run-1_eeg.set,C:\Users\Ali\Desktop\BrainPerturbationProject\data\sub-020\ses-01\eeg\sub-020_ses-01_task-WorkingMemory_run-1_eeg.set,OK,C:\Users\Ali\Desktop\BrainPerturbationProject\data\sub-020\ses-01\eeg\sub-020_ses-01_task-WorkingMemory_run-1_eeg.fdt,71,299777,1,500.0,81.19,-332.183837890625,346.710205078125,12.77015209197998,20.70140838623047,
sub-020,sub-020_ses-01_task-WorkingMemory_run-2_eeg.set,C:\Users\Ali\Desktop\BrainPerturbationProject\data\sub-020\ses-01\eeg\sub-020_ses-01_task-WorkingMemory_run-2_eeg.set,OK,C:\Users\Ali\Desktop\BrainPerturbationProject\data\sub-020\ses-01\eeg\sub-020_ses-01_task-WorkingMemory_run-2_eeg.fdt,71,308481,1,500.0,83.55,-500.0,440.673828125,12.76012897491455,23.88030242919922,
sub-020,sub-020_ses-01_task-WorkingMemory_run-3_eeg.set,C:\Users\Ali\Desktop\BrainPerturbationProject\data\sub-020\ses-01\eeg\sub-020_ses-01_task-WorkingMemory_run-3_eeg.set,OK,C:\Users\Ali\Desktop\BrainPerturbationProject\data\sub-020\ses-01\eeg\sub-020_ses-01_task-WorkingMemory_run-3_eeg.fdt,71,292607,1,500.0,79.25,-397.88818359375,322.2503662109375,12.7936429977417,21.386512756347656,
sub-021,sub-021_ses-01_task-WorkingMemory_run-1_eeg.set,C:\Users\Ali\Desktop\BrainPerturbationProject\data\sub-021\ses-01\eeg\sub-021_ses-01_task-WorkingMemory_run-1_eeg.set,OK,C:\Users\Ali\Desktop\BrainPerturbationProject\data\sub-021\ses-01\eeg\sub-021_ses-01_task-WorkingMemory_run-1_eeg.fdt,71,357121,1,500.0,96.72,-500.0,499.9847412109375,21.625415802001953,31.782894134521484,
sub-021,sub-021_ses-01_task-WorkingMemory_run-2_eeg.set,C:\Users\Ali\Desktop\BrainPerturbationProject\data\sub-021\ses-01\eeg\sub-021_ses-01_task-WorkingMemory_run-2_eeg.set,OK,C:\Users\Ali\Desktop\BrainPerturbationProject\data\sub-021\ses-01\eeg\sub-021_ses-01_task-WorkingMemory_run-2_eeg.fdt,71,395521,1,500.0,107.12,-500.0,499.9847412109375,16.259004592895508,25.84554100036621,
sub-021,sub-021_ses-01_task-WorkingMemory_run-3_eeg.set,C:\Users\Ali\Desktop\BrainPerturbationProject\data\sub-021\ses-01\eeg\sub-021_ses-01_task-WorkingMemory_run-3_eeg.set,OK,C:\Users\Ali\Desktop\BrainPerturbationProject\data\sub-021\ses-01\eeg\sub-021_ses-01_task-WorkingMemory_run-3_eeg.fdt,71,340479,1,500.0,92.22,-500.0,499.9847412109375,11.6823148727417,27.86160659790039,
sub-022,sub-022_ses-01_task-WorkingMemory_run-1_eeg.set,C:\Users\Ali\Desktop\BrainPerturbationProject\data\sub-022\ses-01\eeg\sub-022_ses-01_task-WorkingMemory_run-1_eeg.set,OK,C:\Users\Ali\Desktop\BrainPerturbationProject\data\sub-022\ses-01\eeg\sub-022_ses-01_task-WorkingMemory_run-1_eeg.fdt,71,289025,1,500.0586756077117,78.28,-7.62939453125,7.629161834716797,0.5665218830108643,0.5740771889686584,
sub-022,sub-022_ses-01_task-WorkingMemory_run-2_eeg.set,C:\Users\Ali\Desktop\BrainPerturbationProject\data\sub-022\ses-01\eeg\sub-022_ses-01_task-WorkingMemory_run-2_eeg.set,OK,C:\Users\Ali\Desktop\BrainPerturbationProject\data\sub-022\ses-01\eeg\sub-022_ses-01_task-WorkingMemory_run-2_eeg.fdt,71,242688,1,500.0586756077117,65.73,-7.62939453125,7.629161834716797,0.5052267909049988,0.9314417243003845,
sub-022,sub-022_ses-01_task-WorkingMemory_run-3_eeg.set,C:\Users\Ali\Desktop\BrainPerturbationProject\data\sub-022\ses-01\eeg\sub-022_ses-01_task-WorkingMemory_run-3_eeg.set,OK,C:\Users\Ali\Desktop\BrainPerturbationProject\data\sub-022\ses-01\eeg\sub-022_ses-01_task-WorkingMemory_run-3_eeg.fdt,71,386818,1,500.0586756077117,104.77,-7.62939453125,7.629161834716797,0.5005528926849365,0.6344240307807922,
sub-022,sub-022_ses-01_task-WorkingMemory_run-4_eeg.set,C:\Users\Ali\Desktop\BrainPerturbationProject\data\sub-022\ses-01\eeg\sub-022_ses-01_task-WorkingMemory_run-4_eeg.set,OK,C:\Users\Ali\Desktop\BrainPerturbationProject\data\sub-022\ses-01\eeg\sub-022_ses-01_task-WorkingMemory_run-4_eeg.fdt,71,345856,1,500.0586756077117,93.67,-7.62939453125,7.629161834716797,0.4905639588832855,0.564093291759491,
sub-022,sub-022_ses-01_task-WorkingMemory_run-5_eeg.set,C:\Users\Ali\Desktop\BrainPerturbationProject\data\sub-022\ses-01\eeg\sub-022_ses-01_task-WorkingMemory_run-5_eeg.set,OK,C:\Users\Ali\Desktop\BrainPerturbationProject\data\sub-022\ses-01\eeg\sub-022_ses-01_task-WorkingMemory_run-5_eeg.fdt,71,348161,1,500.0586756077117,94.3,-7.62939453125,7.629161834716797,0.4614724814891815,0.711244523525238,
sub-022,sub-022_ses-01_task-WorkingMemory_run-6_eeg.set,C:\Users\Ali\Desktop\BrainPerturbationProject\data\sub-022\ses-01\eeg\sub-022_ses-01_task-WorkingMemory_run-6_eeg.set,OK,C:\Users\Ali\Desktop\BrainPerturbationProject\data\sub-022\ses-01\eeg\sub-022_ses-01_task-WorkingMemory_run-6_eeg.fdt,71,404225,1,500.0586756077117,109.48,-7.62939453125,7.629161834716797,0.5939773321151733,1.4914289712905884,
sub-023,sub-023_ses-01_task-WorkingMemory_run-1_eeg.set,C:\Users\Ali\Desktop\BrainPerturbationProject\data\sub-023\ses-01\eeg\sub-023_ses-01_task-WorkingMemory_run-1_eeg.set,OK,C:\Users\Ali\Desktop\BrainPerturbationProject\data\sub-023\ses-01\eeg\sub-023_ses-01_task-WorkingMemory_run-1_eeg.fdt,71,360961,1,500.0586756077117,97.76,-7.62939453125,7.629161834716797,0.5543084144592285,0.4828895330429077,
sub-023,sub-023_ses-01_task-WorkingMemory_run-2_eeg.set,C:\Users\Ali\Desktop\BrainPerturbationProject\data\sub-023\ses-01\eeg\sub-023_ses-01_task-WorkingMemory_run-2_eeg.set,OK,C:\Users\Ali\Desktop\BrainPerturbationProject\data\sub-023\ses-01\eeg\sub-023_ses-01_task-WorkingMemory_run-2_eeg.fdt,71,354305,1,500.0586756077117,95.96,-7.62939453125,7.629161834716797,0.4238288402557373,0.4113033711910248,
sub-023,sub-023_ses-01_task-WorkingMemory_run-3_eeg.set,C:\Users\Ali\Desktop\BrainPerturbationProject\data\sub-023\ses-01\eeg\sub-023_ses-01_task-WorkingMemory_run-3_eeg.set,OK,C:\Users\Ali\Desktop\BrainPerturbationProject\data\sub-023\ses-01\eeg\sub-023_ses-01_task-WorkingMemory_run-3_eeg.fdt,71,356864,1,500.0586756077117,96.65,-7.62939453125,7.629161834716797,0.4095543622970581,0.6065271496772766,
sub-023,sub-023_ses-01_task-WorkingMemory_run-4_eeg.set,C:\Users\Ali\Desktop\BrainPerturbationProject\data\sub-023\ses-01\eeg\sub-023_ses-01_task-WorkingMemory_run-4_eeg.set,OK,C:\Users\Ali\Desktop\BrainPerturbationProject\data\sub-023\ses-01\eeg\sub-023_ses-01_task-WorkingMemory_run-4_eeg.fdt,71,339201,1,500.0586756077117,91.87,-7.62939453125,7.629161834716797,0.4010467827320099,0.6681010723114014,
sub-023,sub-023_ses-01_task-WorkingMemory_run-5_eeg.set,C:\Users\Ali\Desktop\BrainPerturbationProject\data\sub-023\ses-01\eeg\sub-023_ses-01_task-WorkingMemory_run-5_eeg.set,OK,C:\Users\Ali\Desktop\BrainPerturbationProject\data\sub-023\ses-01\eeg\sub-023_ses-01_task-WorkingMemory_run-5_eeg.fdt,71,309505,1,500.0586756077117,83.83,-7.62939453125,7.629161834716797,0.30941909551620483,0.44964906573295593,
sub-024,sub-024_ses-01_task-WorkingMemory_run-1_eeg.set,C:\Users\Ali\Desktop\BrainPerturbationProject\data\sub-024\ses-01\eeg\sub-024_ses-01_task-WorkingMemory_run-1_eeg.set,OK,C:\Users\Ali\Desktop\BrainPerturbationProject\data\sub-024\ses-01\eeg\sub-024_ses-01_task-WorkingMemory_run-1_eeg.fdt,71,284929,1,500.0,77.17,-500.0,499.9847412109375,3.6809561252593994,38.51338577270508,
sub-024,sub-024_ses-01_task-WorkingMemory_run-2_eeg.set,C:\Users\Ali\Desktop\BrainPerturbationProject\data\sub-024\ses-01\eeg\sub-024_ses-01_task-WorkingMemory_run-2_eeg.set,OK,C:\Users\Ali\Desktop\BrainPerturbationProject\data\sub-024\ses-01\eeg\sub-024_ses-01_task-WorkingMemory_run-2_eeg.fdt,71,281601,1,500.0,76.27,-500.0,499.9847412109375,2.1571407318115234,42.54304504394531,
sub-024,sub-024_ses-01_task-WorkingMemory_run-3_eeg.set,C:\Users\Ali\Desktop\BrainPerturbationProject\data\sub-024\ses-01\eeg\sub-024_ses-01_task-WorkingMemory_run-3_eeg.set,OK,C:\Users\Ali\Desktop\BrainPerturbationProject\data\sub-024\ses-01\eeg\sub-024_ses-01_task-WorkingMemory_run-3_eeg.fdt,71,283391,1,500.0,76.75,-500.0,499.9847412109375,4.538885593414307,43.29465103149414,
