target,feature,n_subjects,mean_subject_effect,median_subject_effect,subject_std,positive_fraction,negative_fraction,directional_consistency,subject_t_stat,subject_p_value,subject_p_fdr
remember,memory_cond,22,0.031974305913632255,-0.18477427334570162,0.9489340852718868,0.36363636363636365,0.6363636363636364,0.6363636363636364,0.15804342018523476,0.8759324545621284,0.942541218625936
remember,delta_abs,22,-0.13966974178505445,0.00172551434556807,1.5893247513603754,0.5,0.5,0.5,-0.41219339060714344,0.6843750377313034,0.942541218625936
remember,theta_abs,22,-0.07691491602844817,0.0489110146631514,0.41042950994073957,0.5909090909090909,0.4090909090909091,0.5909090909090909,-0.8789887802108046,0.38935464095499434,0.942541218625936
remember,alpha_abs,22,-0.04091028256176233,0.009710544931321452,0.2663756728363334,0.6363636363636364,0.36363636363636365,0.6363636363636364,-0.7203594533364857,0.47924602012434414,0.942541218625936
remember,beta_abs,22,0.0033768333886120758,0.001498547084319037,0.0223994297206871,0.5454545454545454,0.45454545454545453,0.5454545454545454,0.7071051692720587,0.48727433924018293,0.942541218625936
remember,gamma_abs,22,0.0027448095300767164,0.003196619299855555,0.017529523998760736,0.5909090909090909,0.4090909090909091,0.5909090909090909,0.7344351095041447,0.4708055800337953,0.942541218625936
remember,delta_rel,22,0.0023955403353733973,0.0014318181473285674,0.016979282499009363,0.5454545454545454,0.45454545454545453,0.5454545454545454,0.6617523527854398,0.5153263633049269,0.942541218625936
remember,theta_rel,22,-0.0022813723680282986,-0.0006478284998784334,0.013413187154486044,0.45454545454545453,0.5454545454545454,0.5454545454545454,-0.7977660183058591,0.4339351003086469,0.942541218625936
remember,alpha_rel,22,-0.0003021229807786559,0.00023685140221911538,0.013169414988378484,0.5454545454545454,0.45454545454545453,0.5454545454545454,-0.10760405011912531,0.9153312180324423,0.942541218625936
remember,beta_rel,22,0.00012084581722567834,0.0006731855484742762,0.002411742497214234,0.5454545454545454,0.45454545454545453,0.5454545454545454,0.23502389922588546,0.8164667567176674,0.942541218625936
remember,gamma_rel,22,6.710919620790612e-05,0.0002891513407010152,0.0015627930240605101,0.5454545454545454,0.45454545454545453,0.5454545454545454,0.20141504772320887,0.8423122407323541,0.942541218625936
remember,theta_alpha_ratio,22,0.021019129387266175,0.0070028877095921205,0.08950207803663965,0.5454545454545454,0.45454545454545453,0.5454545454545454,1.101521416021667,0.283135305431341,0.942541218625936
remember,theta_beta_ratio,22,-0.10222154938088446,0.03074998961586184,0.9182705751720481,0.5909090909090909,0.4090909090909091,0.5909090909090909,-0.5221353914338778,0.6070405117111296,0.942541218625936
remember,alpha_beta_ratio,22,-0.07199872527311771,0.00013896689061665413,0.4833907313441115,0.5,0.5,0.5,-0.6986148757325413,0.49245772800169835,0.942541218625936
remember,delta_theta_ratio,22,-0.30793952406844055,-0.03322045847949762,1.4149626525318755,0.4090909090909091,0.5909090909090909,0.5909090909090909,-1.020779166275982,0.31897549123370966,0.942541218625936
remember,alpha_frontal,22,-0.024949193246150712,0.033575981578430614,0.1545308232550085,0.5909090909090909,0.4090909090909091,0.5909090909090909,-0.7572734470165502,0.457299516149813,0.942541218625936
remember,beta_frontal,22,-0.0005802490497868687,0.005584411446428517,0.03244768195459981,0.6818181818181818,0.3181818181818182,0.6818181818181818,-0.08387684801493443,0.9339487908774418,0.942541218625936
remember,gamma_frontal,22,-0.0017939118238379523,0.0025361595432170647,0.029561758344443353,0.5454545454545454,0.45454545454545453,0.5454545454545454,-0.28463098142620186,0.7787147991826371,0.942541218625936
remember,delta_central,22,-0.04330136294338167,-6.47085458017152e-05,0.3074248706088558,0.45454545454545453,0.5454545454545454,0.5454545454545454,-0.6606537550759272,0.5160168835961172,0.942541218625936
remember,theta_central,22,-0.040699999065835865,0.008968404841242783,0.21713478514501888,0.5454545454545454,0.45454545454545453,0.5454545454545454,-0.8791770370449771,0.3892548983698977,0.942541218625936
remember,alpha_central,22,-0.03963785872665713,-1.0283077202479933e-05,0.20695895727578661,0.45454545454545453,0.5454545454545454,0.5454545454545454,-0.8983328854397882,0.3791929937569038,0.942541218625936
remember,beta_central,22,0.0005672663579465347,0.0013347369410702248,0.01779583910935802,0.5909090909090909,0.4090909090909091,0.5909090909090909,0.14951332437765838,0.8825752037458162,0.942541218625936
remember,gamma_central,22,0.004361522247368668,0.0015420423906634829,0.015851696352128557,0.6363636363636364,0.36363636363636365,0.6363636363636364,1.2905465908152787,0.21088978289905783,0.942541218625936
remember,delta_parietal,22,-0.03648133875743818,-0.022446558275980986,0.9055858952682475,0.4090909090909091,0.5909090909090909,0.5909090909090909,-0.18895241979962518,0.8519443185636163,0.942541218625936
remember,theta_parietal,22,-0.15905213892166245,0.014105213415095408,0.6108936790502786,0.5909090909090909,0.4090909090909091,0.5909090909090909,-1.2211955772591832,0.23554567873672128,0.942541218625936
remember,beta_parietal,22,0.0010234099219855704,0.0011287038717051612,0.025388093951831055,0.5454545454545454,0.45454545454545453,0.5454545454545454,0.18907358842882263,0.8518505533526392,0.942541218625936
remember,gamma_parietal,22,0.001993395339266899,0.001670181371644066,0.01012814262510098,0.6363636363636364,0.36363636363636365,0.6363636363636364,0.9231557316031395,0.3664120536836901,0.942541218625936
remember,delta_occipital,22,0.2730592534396221,0.10649146169584,2.117051647330751,0.5454545454545454,0.45454545454545453,0.5454545454545454,0.6049741050548533,0.5516780930492273,0.942541218625936
remember,theta_occipital,22,-0.09982781532565516,-6.730889663963225e-06,0.8112320812170551,0.5,0.5,0.5,-0.5771886604505648,0.56994880092255,0.942541218625936
remember,alpha_occipital,22,-0.1501849283034301,-5.3682311186815945e-05,0.703772979596175,0.5,0.5,0.5,-1.0009332199803442,0.32825380777055707,0.942541218625936
remember,beta_occipital,22,-0.0032808393563212813,0.0009854192505118903,0.04272623297620434,0.5909090909090909,0.4090909090909091,0.5909090909090909,-0.3601651620190495,0.7223207067790002,0.942541218625936
remember,gamma_occipital,22,0.0005713873224386789,0.00048347092199946983,0.012595076993041956,0.5909090909090909,0.4090909090909091,0.5909090909090909,0.21278505114420965,0.8335466131162966,0.942541218625936
remember,delta_temporal,22,-0.16970500320705725,0.021154437663815584,0.6494184796728919,0.5909090909090909,0.4090909090909091,0.5909090909090909,-1.2256919790212941,0.2338833455912319,0.942541218625936
remember,theta_temporal,22,-0.040382366441861,0.0018253621337535053,0.19782772713081204,0.5454545454545454,0.45454545454545453,0.5454545454545454,-0.9574496493740925,0.34923416279187286,0.942541218625936
remember,alpha_temporal,22,-0.028414709425522322,0.020713316320291997,0.23592220981507506,0.6818181818181818,0.3181818181818182,0.6818181818181818,-0.5649184152892631,0.5781147977374126,0.942541218625936
remember,beta_temporal,22,-0.013306370969603791,0.00281046803065102,0.09916063797531814,0.5909090909090909,0.4090909090909091,0.5909090909090909,-0.6294071254102009,0.5358705763503758,0.942541218625936
remember,gamma_temporal,22,-0.010394362531110292,0.0018653112387652382,0.08045166863277278,0.5909090909090909,0.4090909090909091,0.5909090909090909,-0.6060021209973697,0.551008068437263,0.942541218625936
remember,theta_alpha_frontal_ratio,22,0.02795823234919875,0.016725597571210504,0.15747486580281417,0.6363636363636364,0.36363636363636365,0.6363636363636364,0.8327407231557302,0.4143616948148202,0.942541218625936
remember,alpha_beta_frontal_ratio,22,-0.03406312705777374,-0.003994930928231888,0.5045118460705217,0.5,0.5,0.5,-0.316682807797375,0.7546108772569755,0.942541218625936
remember,theta_alpha_central_ratio,22,0.04063410852143858,0.002158221476715627,0.1541091957772125,0.5909090909090909,0.4090909090909091,0.5909090909090909,1.2367260891482306,0.22984181885951022,0.942541218625936
remember,alpha_beta_central_ratio,22,-0.010642743158839084,-0.0057098000481596856,0.6843480882409403,0.5,0.5,0.5,-0.07294371256049562,0.942541218625936,0.942541218625936
remember,theta_alpha_parietal_ratio,22,0.031661147566550044,-0.020501036069473733,0.15012547950253055,0.45454545454545453,0.5454545454545454,0.5454545454545454,0.9891988089719195,0.33382738575779736,0.942541218625936
remember,alpha_beta_parietal_ratio,22,-0.10235748007323336,-0.06647515856063291,0.6699024886957585,0.4090909090909091,0.5909090909090909,0.5909090909090909,-0.7166701807691706,0.48147286164004427,0.942541218625936
remember,theta_alpha_occipital_ratio,22,0.04398869136715972,-0.002487789944161767,0.20508015893748793,0.5,0.5,0.5,1.0060712470260293,0.32583385103043083,0.942541218625936
remember,alpha_beta_occipital_ratio,22,-0.13547386388980096,0.0185793361157649,1.0423659194530321,0.5454545454545454,0.45454545454545453,0.5454545454545454,-0.6096023808667205,0.5486649356293657,0.942541218625936
remember,theta_alpha_temporal_ratio,22,0.01309926931025855,-0.005683186916459304,0.1734098844816814,0.45454545454545453,0.5454545454545454,0.5454545454545454,0.3543109402249706,0.7266388453250395,0.942541218625936
remember,alpha_beta_temporal_ratio,22,0.26285891376250126,0.0818423007464939,0.9642826076093919,0.5909090909090909,0.4090909090909091,0.5909090909090909,1.2785853254973665,0.21499361588802776,0.942541218625936
remember,delta_frontoparietal_diff,22,-0.34296093743026723,-0.00022057409018347122,1.7157861910067564,0.45454545454545453,0.5454545454545454,0.5454545454545454,-0.9375465278589643,0.3591358718092883,0.942541218625936
remember,delta_frontoparietal_ratio,22,0.003890780856114919,0.0057714745638952625,0.09032735031158855,0.5,0.5,0.5,0.20203603651151722,0.8418329408183176,0.942541218625936
remember,theta_frontoparietal_diff,22,0.0686777484626519,0.003357673177861703,0.6261271871967492,0.5454545454545454,0.45454545454545453,0.5454545454545454,0.5144756533901939,0.6122917311925207,0.942541218625936
remember,theta_frontoparietal_ratio,22,0.007720534430698076,0.007864882159188347,0.07862007223929308,0.5454545454545454,0.45454545454545453,0.5454545454545454,0.46060141305628577,0.6498187909368781,0.942541218625936
remember,alpha_frontoparietal_diff,22,0.07655831798500602,8.974552948826765e-05,0.43189096981602715,0.5454545454545454,0.45454545454545453,0.5454545454545454,0.8314374838061738,0.41508086341573897,0.942541218625936
remember,alpha_frontoparietal_ratio,22,0.0008256869635276438,-0.004217689339467173,0.03713984122373121,0.45454545454545453,0.5454545454545454,0.5454545454545454,0.10427656712587681,0.9179393825637093,0.942541218625936
remember,beta_frontoparietal_diff,22,-0.0016036589717724281,0.0005273669485691284,0.045142419108704125,0.5454545454545454,0.45454545454545453,0.5454545454545454,-0.16662437377294462,0.8692595490240473,0.942541218625936
remember,beta_frontoparietal_ratio,22,-0.007722436349080547,0.004772059336713208,0.16166047418032226,0.5909090909090909,0.4090909090909091,0.5909090909090909,-0.2240587090914872,0.8248771196572334,0.942541218625936
remember,gamma_frontoparietal_ratio,22,-0.05939819254933192,-0.02193121769004719,0.34354881530729614,0.4090909090909091,0.5909090909090909,0.5909090909090909,-0.8109538034331746,0.42648810153222083,0.942541218625936
correct,memory_cond,17,-0.8335010960245167,-0.9966329966329965,0.8844948381064651,0.17647058823529413,0.8235294117647058,0.8235294117647058,-3.8853963979420216,0.0013135732641738522,0.07356010279373573
correct,delta_abs,17,0.5334533489998894,0.3208353331271039,2.020097836588678,0.6470588235294118,0.35294117647058826,0.6470588235294118,1.0888009800457368,0.2923703333096309,0.7848264725604274
correct,theta_abs,17,0.24879518972826756,0.07846261927604103,1.1227688026909164,0.5882352941176471,0.4117647058823529,0.5882352941176471,0.9136420997240917,0.37446785940954397,0.8065461587282485
correct,alpha_abs,17,0.014681842341227736,-7.434887862938194e-05,0.5606179330770336,0.4117647058823529,0.5882352941176471,0.5882352941176471,0.10797868419815543,0.9153550811181421,0.9772986601329069
correct,beta_abs,17,0.0016911563292689978,0.004011580780324764,0.06446515427755521,0.5882352941176471,0.4117647058823529,0.5882352941176471,0.10816411211840748,0.9152103239587578,0.9772986601329069
correct,gamma_abs,17,-0.02499902980803976,-2.6870117378299414e-05,0.08975848553413582,0.4117647058823529,0.5882352941176471,0.5882352941176471,-1.1483442464870093,0.2677059725259757,0.7848264725604274
correct,delta_rel,17,-0.011944333435564995,-0.002627176362393624,0.046568698181638404,0.35294117647058826,0.6470588235294118,0.6470588235294118,-1.0575289906181888,0.30597636527869587,0.7848264725604274
correct,theta_rel,17,0.008665135958324506,0.003425791120166055,0.036865529058831684,0.5294117647058824,0.47058823529411764,0.5294117647058824,0.9691240497184904,0.34690602249527436,0.8065461587282485
correct,alpha_rel,17,0.005487942560752941,0.006548109643421535,0.020003117214303996,0.6470588235294118,0.35294117647058826,0.6470588235294118,1.1311920338659254,0.27464513596657036,0.7848264725604274
correct,beta_rel,17,0.00018258314495389738,-0.00037309759028734263,0.01083609758773622,0.4117647058823529,0.5882352941176471,0.5882352941176471,0.06947238948404942,0.9454744791308751,0.9804920524320186
correct,gamma_rel,17,-0.002391328228466321,-0.0023443881553335474,0.006864585565128943,0.4117647058823529,0.5882352941176471,0.5882352941176471,-1.4363137844145437,0.17017770741384214,0.7848264725604274
correct,theta_alpha_ratio,17,0.09167906495808668,0.06800583562470353,0.29375214581156334,0.5882352941176471,0.4117647058823529,0.5882352941176471,1.28680751398676,0.21646815390219318,0.7848264725604274
correct,theta_beta_ratio,17,0.4193062340158871,0.43409937880193894,2.606012610431514,0.5882352941176471,0.4117647058823529,0.5882352941176471,0.6634058044873353,0.516515996442571,0.9039029937744991
correct,alpha_beta_ratio,17,0.07538591770132003,0.07234110508538727,1.4130772886071876,0.6470588235294118,0.35294117647058826,0.6470588235294118,0.21996256246749896,0.8286822157990609,0.9772986601329069
correct,delta_theta_ratio,17,-0.22556054230685418,0.024169024923774707,1.6277067774658245,0.5294117647058824,0.47058823529411764,0.5294117647058824,-0.5713620866964089,0.5756930915950104,0.907659851822996
correct,alpha_frontal,17,-0.046446729516743036,-0.04244350131970254,0.42362754289609933,0.35294117647058826,0.6470588235294118,0.6470588235294118,-0.45205930297358954,0.6572945823861062,0.9144985894062537
correct,beta_frontal,17,-0.0006756488108431227,-2.351941221250972e-05,0.12606988391990398,0.47058823529411764,0.5294117647058824,0.5294117647058824,-0.022097041151390658,0.9826437785795642,0.9874114463343323
correct,gamma_frontal,17,-0.0382303352813589,-0.0004739534566839676,0.16957381249083914,0.35294117647058826,0.6470588235294118,0.6470588235294118,-0.9295522000269688,0.36641599787603524,0.8065461587282485
correct,delta_central,17,-0.0016623277916662025,0.03820258074955285,0.4276654298445584,0.5294117647058824,0.47058823529411764,0.5294117647058824,-0.016026437002239522,0.9874114463343323,0.9874114463343323
correct,theta_central,17,0.18727745958072253,0.027489211531786406,0.9288514492635535,0.5882352941176471,0.4117647058823529,0.5882352941176471,0.831311344522181,0.4180317459733832,0.8109180284983672
correct,alpha_central,17,0.050338207165728587,0.01091435820058706,0.46862470073347967,0.5294117647058824,0.47058823529411764,0.5294117647058824,0.44289117672131045,0.6637738640330207,0.9144985894062537
correct,beta_central,17,-0.010834622510192632,-1.4108315132214202e-05,0.03752416758088729,0.47058823529411764,0.5294117647058824,0.5294117647058824,-1.1904939110753932,0.2512162872839501,0.7848264725604274
correct,gamma_central,17,-0.021404958778887567,-0.0011073466460883724,0.0457796149062695,0.35294117647058826,0.6470588235294118,0.6470588235294118,-1.9278210648569478,0.07181991806057884,0.7848264725604274
correct,delta_parietal,17,0.30769511514331205,0.16885856643189356,0.8296674340658766,0.6470588235294118,0.35294117647058826,0.6470588235294118,1.5291180636140655,0.14576346670683654,0.7848264725604274
correct,theta_parietal,17,0.21435303318685967,0.06643266600542364,1.4685648560507947,0.6470588235294118,0.35294117647058826,0.6470588235294118,0.6018121660473545,0.55573167601363,0.907659851822996
correct,beta_parietal,17,0.013382281069847327,0.004740722691445931,0.052114996435189256,0.6470588235294118,0.35294117647058826,0.6470588235294118,1.058746275293377,0.3054382652740644,0.7848264725604274
correct,gamma_parietal,17,-0.006041837472968496,-0.0018232893334254596,0.02367450208728005,0.4117647058823529,0.5882352941176471,0.5882352941176471,-1.0522347621937262,0.3083246856487393,0.7848264725604274
correct,delta_occipital,17,1.0499585071390782,0.42638133289583946,3.17491797228763,0.6470588235294118,0.35294117647058826,0.6470588235294118,1.3635280864692723,0.19159494914796152,0.7848264725604274
correct,theta_occipital,17,0.20074215225493264,0.07074654551344861,1.4790329823402106,0.7058823529411765,0.29411764705882354,0.7058823529411765,0.5596096281445362,0.5834956190290689,0.907659851822996
correct,alpha_occipital,17,-0.14980235312218923,-0.0011498063010293436,1.351184337673139,0.4117647058823529,0.5882352941176471,0.5882352941176471,-0.45711817970930024,0.6537313895435444,0.9144985894062537
correct,beta_occipital,17,0.03560678555794718,0.022144842658289754,0.09880621378508718,0.5882352941176471,0.4117647058823529,0.5882352941176471,1.48584316937253,0.15675795785599686,0.7848264725604274
correct,gamma_occipital,17,-0.006882436135861736,-0.00048552829611377135,0.04121685977750351,0.35294117647058826,0.6470588235294118,0.6470588235294118,-0.6884806679332276,0.5010116525244411,0.9039029937744991
correct,delta_temporal,17,0.45136598203198136,0.1607258640870708,1.5960817346933043,0.6470588235294118,0.35294117647058826,0.6470588235294118,1.165998945590408,0.2607022786871847,0.7848264725604274
correct,theta_temporal,17,0.26837639501996857,0.04396118555020645,0.8125771000447088,0.7058823529411765,0.29411764705882354,0.7058823529411765,1.36177136179316,0.19213763483901572,0.7848264725604274
correct,alpha_temporal,17,-0.03373179932239735,0.015079932844180077,0.4135355564875517,0.5882352941176471,0.4117647058823529,0.5882352941176471,-0.3363187744475586,0.7410009208804864,0.9772986601329069
correct,beta_temporal,17,-0.0011560387676369651,1.6203358701887997e-05,0.049803812881146776,0.5294117647058824,0.47058823529411764,0.5294117647058824,-0.09570492037729957,0.924943374768644,0.9772986601329069
correct,gamma_temporal,17,-0.037948095158665145,-0.00011267424825139871,0.10421901044589475,0.4117647058823529,0.5882352941176471,0.5882352941176471,-1.5013000407578692,0.15275422032755312,0.7848264725604274
correct,theta_alpha_frontal_ratio,17,0.14978145631508694,0.1261736812501093,0.5371371526280383,0.5882352941176471,0.4117647058823529,0.5882352941176471,1.1497338475366976,0.26714962059575803,0.7848264725604274
correct,alpha_beta_frontal_ratio,17,-0.059069925382328636,0.1714939700273852,1.393744313378072,0.5882352941176471,0.4117647058823529,0.5882352941176471,-0.17474621371432852,0.8634711720495969,0.9772986601329069
correct,theta_alpha_central_ratio,17,0.01792167437900393,0.024681923099756697,0.29611519406358516,0.6470588235294118,0.35294117647058826,0.6470588235294118,0.24954125264065946,0.8061175369529331,0.9772986601329069
correct,alpha_beta_central_ratio,17,0.6256085460161055,0.4566075897730464,2.044542133438048,0.7647058823529411,0.23529411764705882,0.7647058823529411,1.2616272725942577,0.2251664872432199,0.7848264725604274
correct,theta_alpha_parietal_ratio,17,0.07074385604185603,0.04798546111587454,0.29681753614459044,0.5882352941176471,0.4117647058823529,0.5882352941176471,0.9827060577781114,0.34037959789331446,0.8065461587282485
correct,alpha_beta_parietal_ratio,17,0.18192475754025517,0.21465037311229462,1.3035056137905308,0.5882352941176471,0.4117647058823529,0.5882352941176471,0.5754443888217062,0.572995513105602,0.907659851822996
correct,theta_alpha_occipital_ratio,17,0.22496881147837666,0.08615519840702457,0.4921412575499967,0.5882352941176471,0.4117647058823529,0.5882352941176471,1.8847640956027378,0.07775913869898082,0.7848264725604274
correct,alpha_beta_occipital_ratio,17,-0.4267482977609402,0.20694280631814177,2.052166165337246,0.5294117647058824,0.47058823529411764,0.5294117647058824,-0.8574005053493016,0.4038839882191223,0.8109180284983672
correct,theta_alpha_temporal_ratio,17,0.049371976054846035,-0.022626007244463286,0.284933379985479,0.4117647058823529,0.5882352941176471,0.5882352941176471,0.7144332202494856,0.48525295007878533,0.9039029937744991
correct,alpha_beta_temporal_ratio,17,-0.027376641248404575,0.22546980628630564,1.1655747193078334,0.5882352941176471,0.4117647058823529,0.5882352941176471,-0.096842168650367,0.924054427402179,0.9772986601329069
correct,delta_frontoparietal_diff,17,0.31585976127835014,0.43687407978270854,2.8233251779665043,0.7058823529411765,0.29411764705882354,0.7058823529411765,0.4612728171719182,0.6508115447794375,0.9144985894062537
correct,delta_frontoparietal_ratio,17,-0.01042858584377199,0.07343813366262597,0.19404378574166367,0.6470588235294118,0.35294117647058826,0.6470588235294118,-0.221589992152275,0.8274364622097491,0.9772986601329069
correct,theta_frontoparietal_diff,17,0.0286995713048234,-6.144273416409806e-05,0.5046618303590499,0.47058823529411764,0.5294117647058824,0.5294117647058824,0.23447654801938114,0.8175892172667871,0.9772986601329069
correct,theta_frontoparietal_ratio,17,-0.032026478769395676,-0.01167085802650858,0.07994438102997986,0.47058823529411764,0.5294117647058824,0.5294117647058824,-1.6517552963891295,0.11807116346613983,0.7848264725604274
correct,alpha_frontoparietal_diff,17,-0.15344128868001855,-3.436113435191805e-05,0.7642260565023742,0.47058823529411764,0.5294117647058824,0.5294117647058824,-0.8278370453031556,0.4199396933295116,0.8109180284983672
correct,alpha_frontoparietal_ratio,17,-0.032629298605922535,-0.03437183906357605,0.06882118570370449,0.29411764705882354,0.7058823529411765,0.7058823529411765,-1.9548347397158548,0.0683045737082476,0.7848264725604274
correct,beta_frontoparietal_diff,17,-0.014057929880690458,-0.004243149545775975,0.13332034552040498,0.35294117647058826,0.6470588235294118,0.6470588235294118,-0.4347598226614419,0.6695436101010072,0.9144985894062537
correct,beta_frontoparietal_ratio,17,-0.01122382773391984,-0.07462487040912258,0.378096063121299,0.35294117647058826,0.6470588235294118,0.6470588235294118,-0.12239489321485486,0.9041104337936131,0.9772986601329069
correct,gamma_frontoparietal_ratio,17,0.08562062817377468,-0.10809600988564982,1.1317991315870362,0.4117647058823529,0.5882352941176471,0.5882352941176471,0.31191302753271344,0.7591344645138733,0.9772986601329069
