feature,remember_mean_0,remember_mean_1,remember_difference,remember_effect_size,correct_mean_0,correct_mean_1,correct_difference,correct_effect_size,abs_remember_effect,abs_correct_effect,remember_effect_magnitude,correct_effect_magnitude,subjects_with_remember_effect,subjects_with_correct_effect,remember_subject_mean,remember_subject_median,remember_subject_std,remember_positive_subject_fraction,correct_subject_mean,correct_subject_median,correct_subject_std,correct_positive_subject_fraction
gamma_occipital,0.1040663658822985,0.11939928217779298,0.015332916295494478,0.12278218352999845,0.0999053705470938,0.11314548455662367,0.013240114009529874,0.1144965385884701,0.12278218352999845,0.1144965385884701,negligible,negligible,22,17,0.023031090473266878,0.013351357585986795,0.09783606291891937,0.5909090909090909,-0.08945879593248872,-0.054838859773607675,0.38489988472288655,0.35294117647058826
theta_temporal,1.6570809978025476,1.479319621927963,-0.17776137587458463,-0.06430007987514483,1.2643126007221177,1.5751647756613032,0.3108521749391855,0.129476694001286,0.06430007987514483,0.129476694001286,negligible,negligible,22,17,-0.0033958097139939127,0.002291131868478796,0.08968603512669825,0.5454545454545454,0.1082657771770009,0.06608167223143453,0.21663135631066407,0.7058823529411765
theta_parietal,3.0843992846463615,2.7473460249871313,-0.33705325965923016,-0.06391529772246798,2.305587252193009,2.9308820045937525,0.6252947524007433,0.13137103138509673,0.06391529772246798,0.13137103138509673,negligible,negligible,22,17,-0.010798479725520505,0.015170951642886565,0.11772190287730201,0.5909090909090909,0.08155791977439752,0.10985043000489166,0.20903483711217138,0.6470588235294118
gamma_parietal,0.07443341861268643,0.08113675449067886,0.0067033358779924335,0.06209972025991465,0.06522398002104908,0.0787938423540967,0.01356986233304762,0.1441849079303011,0.06209972025991465,0.1441849079303011,negligible,negligible,22,17,0.018942058685776406,0.02026889488011769,0.13591391471364092,0.6363636363636364,-0.05958862522387283,-0.10061624091185985,0.38754553486078297,0.4117647058823529
theta_frontoparietal_diff,-1.0573211302552117,-0.8803205200597359,0.17700061019547575,0.05725676007744678,-0.6745373228121586,-0.9753159822255483,-0.30077865941338966,-0.10784093097910247,0.05725676007744678,0.10784093097910247,negligible,negligible,22,17,0.007216404476452356,0.0012829558183184487,0.12557707040339725,0.5454545454545454,0.006159832855024096,-0.06208177862068067,0.15181070840408206,0.47058823529411764
theta_abs,2.240215120545099,2.047177516704484,-0.19303760384061475,-0.0561733946744207,1.7327137941335682,2.1555454486274814,0.42283165449391324,0.13641624715340667,0.0561733946744207,0.13641624715340667,negligible,negligible,22,17,-0.0029891438300134183,0.032126462221144444,0.11225530506304147,0.5909090909090909,0.09306439261390705,0.10118178855798575,0.25249170280926436,0.5882352941176471
theta_central,1.4611230178811807,1.336577812556976,-0.12454520532420466,-0.054213451555369316,1.0610205353673916,1.4103416282087649,0.34932109284137325,0.17000431381458686,0.054213451555369316,0.17000431381458686,negligible,negligible,22,17,-0.004115907282348806,0.011607086792101156,0.11360580080623112,0.5454545454545454,0.11307711641494934,0.1026073676032386,0.31435629645322627,0.5882352941176471
gamma_frontoparietal_ratio,3.819755879830617,3.5732180787582437,-0.24653780107237333,-0.047108000467819974,4.2350290522799945,3.655334085047504,-0.5796949672324905,-0.10758938013310458,0.047108000467819974,0.10758938013310458,negligible,negligible,22,17,0.026023240242854982,-0.035361980038823106,0.25051338712765975,0.4090909090909091,0.0009702615712471624,-0.1482127749572843,0.38680912890980945,0.4117647058823529
delta_temporal,2.6817562734363976,2.325400099895878,-0.3563561735405196,-0.04601797797116777,2.724240641908163,2.4736161138832182,-0.25062452802494484,-0.03719158659526036,0.04601797797116777,0.03719158659526036,negligible,negligible,22,17,-0.004455897646301734,0.01053291552516964,0.07787213633205103,0.5909090909090909,0.052089331966129096,0.09026004906708095,0.14132487911865518,0.6470588235294118
theta_beta_ratio,6.439506225303763,6.0970676754301625,-0.34243854987360045,-0.04595296225272401,5.493911954938681,6.291705080550554,0.7977931256118733,0.11512780681563103,0.04595296225272401,0.11512780681563103,negligible,negligible,22,17,0.0047794970527550796,0.008752057377367894,0.10498251820987091,0.5909090909090909,0.052442581580472686,0.08476628649160928,0.313703953089635,0.5882352941176471
alpha_beta_central_ratio,6.4593573339939105,6.177575086926911,-0.2817822470669995,-0.04203896791576451,5.299144305615401,6.357961033562,1.0588167279465992,0.17610219514448608,0.04203896791576451,0.17610219514448608,negligible,negligible,22,17,-0.006481369496393725,-0.0012023537617123136,0.12392089386028748,0.5,0.1440296475896216,0.09183577578633843,0.25609590766729845,0.7647058823529411
alpha_central,1.3431986586161866,1.2654070071451482,-0.07779165147103839,-0.041173231384163546,1.023787324842088,1.3151591300007113,0.2913718051586234,0.1675963816712261,0.041173231384163546,0.1675963816712261,negligible,negligible,22,17,-0.015015862222833536,-0.015011194281699726,0.1283688013368239,0.45454545454545453,0.0424679598750947,0.0177681990916285,0.18782245235358686,0.5294117647058824
delta_parietal,3.200947119862368,2.9758608215996496,-0.2250862982627182,-0.03726112779412623,3.772238194453728,3.040661491318321,-0.7315767031354068,-0.10641784333070572,0.03726112779412623,0.10641784333070572,negligible,negligible,22,17,0.0076680929570523085,-0.012786251901116926,0.1016395423390251,0.4090909090909091,0.04214589073807855,0.08169316210135281,0.12597000517329637,0.6470588235294118
gamma_central,0.05737159314612839,0.06288186827399256,0.005510275127864166,0.03586484726952741,0.05733326523826072,0.0605572873550719,0.003224022116811179,0.022880292343875386,0.03586484726952741,0.022880292343875386,negligible,negligible,22,17,0.014558284246406584,0.04278613028944675,0.15953061762230974,0.6363636363636364,-0.1854763733313305,-0.05668835286009883,0.43966631514756127,0.35294117647058826
delta_theta_ratio,3.0825114222828605,2.6613400544794645,-0.4211713678033959,-0.03502782690713313,3.909952877027022,2.795376200752407,-1.1145766762746154,-0.10945925699881974,0.03502782690713313,0.10945925699881974,negligible,negligible,22,17,-0.00018999032316374486,-0.01030914623883656,0.09218901528833623,0.4090909090909091,-0.05510645485745825,0.01197518688715584,0.22085011991782652,0.5294117647058824
beta_rel,0.06626881182984083,0.06773881410615472,0.0014700022763138865,0.03248105748628821,0.06854506474318528,0.06699765401691384,-0.0015474107262714448,-0.033560983545399374,0.03248105748628821,0.033560983545399374,negligible,negligible,22,17,0.010539033659969763,0.01681746603270969,0.07522371738077682,0.5454545454545454,0.004003613901954628,-0.011666428957133252,0.2898266178668849,0.4117647058823529
gamma_temporal,0.1855789786087692,0.19704913766575075,0.011470159056981538,0.031433353636695686,0.11352320116820798,0.19601990758759075,0.08249670641938277,0.2623199317454624,0.031433353636695686,0.2623199317454624,negligible,small,22,17,-0.056518179648669224,0.020270489901495013,0.3493310858182993,0.5909090909090909,-0.036800553285852154,-0.13850816812072977,0.3972402157267839,0.4117647058823529
delta_central,1.6560706411254236,1.5709950993848614,-0.0850755417405622,-0.03136934395779972,1.9520497915337742,1.5912508099177396,-0.36079898161603463,-0.11655186690301046,0.03136934395779972,0.11655186690301046,negligible,negligible,22,17,-0.002242849784410526,-0.005848634034798746,0.09683486801740107,0.45454545454545453,0.015947231485719943,0.053237904630791096,0.16680331335635187,0.5294117647058824
delta_abs,4.198083973147984,3.8620918423696278,-0.3359921307783562,-0.030516005524419264,5.385088971526914,3.9411313879280176,-1.443957583598896,-0.10673917777137655,0.030516005524419264,0.10673917777137655,negligible,negligible,22,17,0.007228722856415687,-0.003153138925826581,0.09827341105549015,0.5,0.05009983148226811,0.07519320609623689,0.14613656627174532,0.6470588235294118
beta_central,0.19978616064808805,0.20598637921669238,0.006200218568604338,0.030176719035283985,0.18801374286716538,0.20399155434476252,0.015977811477597137,0.08395451690123604,0.030176719035283985,0.08395451690123604,negligible,negligible,22,17,-0.00910836126020066,0.017305056347534147,0.14535744246445037,0.5909090909090909,-0.0872774610928391,-0.05736482820933742,0.3204597302611313,0.47058823529411764
gamma_abs,0.14206567587849137,0.14819820907852516,0.006132533200033791,0.02878144516886768,0.13312597891218053,0.1460820304806362,0.012956051568455668,0.048766695395311074,0.02878144516886768,0.048766695395311074,negligible,negligible,22,17,0.025495370910866677,0.02763605827506173,0.14602662106128275,0.5909090909090909,-0.05686524273293525,-0.06859252809515771,0.44249560190226883,0.4117647058823529
alpha_beta_occipital_ratio,8.898274175576917,8.597104807596136,-0.30116936798078164,-0.02592084955432202,7.870757976968185,8.77865311202578,0.9078951350575943,0.08368715745891094,0.02592084955432202,0.08368715745891094,negligible,negligible,22,17,-0.010147514905164056,0.007525945246101337,0.10964828682303267,0.5454545454545454,-0.03671384250847401,0.024509535491978842,0.24743665578040505,0.5294117647058824
alpha_rel,0.23032461614830269,0.23375556267848538,0.0034309465301826936,0.025343955025525205,0.21555805916212645,0.23308848688687087,0.01753042772474442,0.1293169274816491,0.025343955025525205,0.1293169274816491,negligible,negligible,22,17,-0.0031567144845136407,0.0027394348243676286,0.10194349998764117,0.5454545454545454,0.05097832355011288,0.04545044633687162,0.17756023688398817,0.6470588235294118
alpha_temporal,1.4028677278763984,1.3520911059344665,-0.05077662194193189,-0.025301122553453754,1.1847106409695654,1.3850773742871143,0.20036673331754895,0.10273524043632445,0.025301122553453754,0.10273524043632445,negligible,negligible,22,17,0.016296869622871694,0.02501879917891104,0.0970860300322216,0.6818181818181818,0.02724863589291778,0.025934850364975837,0.1769982665570434,0.5882352941176471
alpha_beta_frontal_ratio,4.02220049274869,3.9078841853841766,-0.11431630736451304,-0.02504932684204819,3.3967312878888962,3.9892574387109416,0.5925261508220454,0.13179849162898902,0.02504932684204819,0.13179849162898902,negligible,negligible,22,17,0.006868067233128455,-0.00017555386438579043,0.1392333462387551,0.5,0.011768877838233034,0.10523865118797472,0.29770901597640115,0.5882352941176471
beta_occipital,0.4628800058935945,0.47534225768322813,0.012462251789633616,0.023275362901076253,0.43461507026335644,0.47157633723708653,0.03696126697373009,0.0746855289004953,0.023275362901076253,0.0746855289004953,negligible,negligible,22,17,-0.01133230679065539,0.010083622287565078,0.10972234743933004,0.5909090909090909,0.05622197652916972,0.07551273077334206,0.32853239410923574,0.5882352941176471
beta_frontoparietal_ratio,1.6236271625350625,1.5772510551834011,-0.04637610735166131,-0.022785337439007337,1.7679985410962407,1.5891910824230326,-0.17880745867320802,-0.08777576989615354,0.022785337439007337,0.08777576989615354,negligible,negligible,22,17,0.009995618660365803,0.02504220455297277,0.15818918243208374,0.5909090909090909,-0.04525945894883751,-0.07802817155664953,0.35460625384888245,0.35294117647058826
delta_frontoparietal_diff,1.7471335006105284,1.496950922000221,-0.25018257861030735,-0.02231414254973492,3.052979816942811,1.5334688735747906,-1.5195109433680203,-0.11464024011080838,0.02231414254973492,0.11464024011080838,negligible,negligible,22,17,-0.008891798665416482,-0.0035818687385868577,0.08336839340623793,0.45454545454545453,0.06278435313530253,0.0965889029100864,0.14834747355358563,0.7058823529411765
theta_occipital,3.2674976529710515,3.1310560990293297,-0.13644155394172186,-0.02163959534103175,2.573875777170403,3.225378560753268,0.6515027835828651,0.11381125020457443,0.02163959534103175,0.11381125020457443,negligible,negligible,22,17,0.001496081143524928,0.010055512866837518,0.09250453531073324,0.5,0.07227551076487136,0.06802616492500331,0.18125722034550973,0.7058823529411765
alpha_beta_ratio,5.0148825026163415,4.913304001378668,-0.10157850123767354,-0.021025582412534643,4.44795868236746,4.986200218096953,0.538241535729493,0.11195433193129779,0.021025582412534643,0.11195433193129779,negligible,negligible,22,17,-0.004946131824715724,1.6431486966056365e-05,0.13890652919164415,0.5,0.0461803906299057,0.027962344081358056,0.30006892087282655,0.6470588235294118
beta_temporal,0.3781821408178008,0.3884181573726616,0.010236016554860783,0.020962056713889222,0.2828101388752191,0.3891441210972583,0.10633398222203921,0.25789985699195517,0.020962056713889222,0.25789985699195517,negligible,small,22,17,-0.061580715090319586,0.012371174100029646,0.34340730879885206,0.5909090909090909,0.0020193839783318947,0.003080088906038684,0.20784418374554164,0.5294117647058824
theta_alpha_temporal_ratio,1.786948222383454,1.7465278061773086,-0.04042041620614545,-0.02057681158901851,1.7741754242133259,1.7642706125233545,-0.009904811689971371,-0.0053012104385756886,0.02057681158901851,0.0053012104385756886,negligible,negligible,22,17,0.00038420894526441614,-0.004374930220801404,0.10619045852309582,0.45454545454545453,0.05850831152676899,-0.01944512190048608,0.1844772851206482,0.4117647058823529
theta_rel,0.2575103686544727,0.25491827043179127,-0.002592098222681416,-0.020283566787180646,0.2325931932349373,0.25733157183895344,0.024738378604016148,0.19585029817910937,0.020283566787180646,0.19585029817910937,negligible,negligible,22,17,-0.01453655048455457,-0.005144336452907234,0.1239589740523094,0.45454545454545453,0.08679106636054519,0.026748672534539646,0.3271216947006907,0.5294117647058824
theta_frontoparietal_ratio,0.8632660938365917,0.8763715062722076,0.013105412435615915,0.019691890918360638,0.9615093347282855,0.8656380938191695,-0.09587124090911603,-0.13685179883593968,0.019691890918360638,0.13685179883593968,negligible,negligible,22,17,0.00705914726635303,0.01235521432324279,0.11787734983533396,0.5454545454545454,-0.03877004880421776,-0.01840037727835594,0.1319008647886555,0.47058823529411764
theta_alpha_frontal_ratio,2.053132725134136,2.015673490956286,-0.03745923417785013,-0.018650231948457437,2.059159952269411,2.0311709308202515,-0.0279890214491596,-0.014184892109608573,0.018650231948457437,0.014184892109608573,negligible,negligible,22,17,0.010202402386540061,0.01029012722733643,0.08506375244039242,0.6363636363636364,0.05565969462472303,0.08082509036915073,0.23154185563218666,0.5882352941176471
alpha_frontoparietal_diff,-1.890168248953389,-1.8217482822522455,0.06841996670114359,0.017912294929226583,-1.6191819604859878,-1.864980307351118,-0.24579834686513014,-0.06451484650902167,0.017912294929226583,0.06451484650902167,negligible,negligible,22,17,0.009748937497810188,0.0002832907681079473,0.12176874117575982,0.5454545454545454,-0.030850199169255393,-0.04267945772459558,0.21678190976700745,0.47058823529411764
delta_occipital,5.553824576242907,6.028620076189792,0.4747954999468851,0.017680763321520687,5.362145822148371,5.838291978280698,0.47614615613232747,0.022235148538403582,0.017680763321520687,0.022235148538403582,negligible,negligible,22,17,0.00965954774977443,0.02022269407513932,0.09945141378610055,0.5454545454545454,0.03884197513017875,0.0337134178161626,0.15330514506762233,0.6470588235294118
beta_abs,0.3551834144345519,0.3610088161133898,0.005825401678837883,0.017638440312949893,0.3275863027432677,0.3600098331015069,0.032423530358239194,0.09806910858909428,0.017638440312949893,0.09806910858909428,negligible,negligible,22,17,0.011882839884920155,0.006428777562929166,0.12185296829922272,0.5454545454545454,0.0006445398145583864,0.022617076858297055,0.2999088933466001,0.5882352941176471
alpha_frontoparietal_ratio,0.5657641815763701,0.5724619842773324,0.006697802700962319,0.017176827081319825,0.5884908981784834,0.568431065140019,-0.02005983303846448,-0.052617682866464795,0.017176827081319825,0.052617682866464795,negligible,negligible,22,17,0.01227663886432327,-0.010858941748103427,0.11593365076515406,0.45454545454545453,-0.07059348720716957,-0.09355695081644029,0.2209857381499035,0.29411764705882354
alpha_abs,1.877276150512333,1.8313899520598664,-0.04588619845246655,-0.016953231143573718,1.5920737336602493,1.865859962254428,0.2737862285941788,0.10089946070730407,0.016953231143573718,0.10089946070730407,negligible,negligible,22,17,-0.004225080718999692,0.024014047540284002,0.14105147719885688,0.6363636363636364,0.003977169084874695,-0.031487327746929354,0.23583833064461296,0.4117647058823529
beta_parietal,0.34680908396612703,0.35224393553923705,0.005434851573110022,0.015326615362477545,0.29744655119314456,0.3525618731700325,0.055115321976887954,0.1736973578565671,0.015326615362477545,0.1736973578565671,negligible,negligible,22,17,-0.005930338816362904,0.00509423445607544,0.1370314278828085,0.5454545454545454,0.04568359299605849,0.03005980210558622,0.25856087598602245,0.6470588235294118
alpha_beta_parietal_ratio,8.56093572036839,8.43786405980346,-0.12307166056493024,-0.015040484554271722,7.559328819946231,8.542842623178089,0.9835138032318582,0.1259174504466936,0.015040484554271722,0.1259174504466936,negligible,negligible,22,17,-0.008899878247743383,-0.00714687963092866,0.14266027024489644,0.4090909090909091,0.03713283306995082,0.03827504906638454,0.18671758863613594,0.5882352941176471
theta_alpha_parietal_ratio,1.452020595849345,1.430479972091456,-0.02154062375788901,-0.014085711103640895,1.3583158108832687,1.4445347780083753,0.08621896712510657,0.06086623574644196,0.014085711103640895,0.06086623574644196,negligible,negligible,22,17,0.018115621220353727,-0.015193536240410343,0.13302991336166384,0.45454545454545453,0.057607059823141175,0.04847398488871952,0.192316382845081,0.5882352941176471
theta_alpha_ratio,1.5881428165022198,1.5685730330350924,-0.019569783467127344,-0.013701658094376599,1.5621931275094916,1.5782094910205777,0.01601636351108615,0.01151777498466214,0.013701658094376599,0.01151777498466214,negligible,negligible,22,17,0.013720792059534926,0.007213581571198548,0.0770640189607319,0.5454545454545454,0.05985120385013264,0.06182799451277939,0.1992110266949139,0.5882352941176471
alpha_frontal,1.2643985839530836,1.2401426569848744,-0.024255926968209218,-0.013680116419065944,1.0837893013379056,1.2599437016328603,0.17615440029495466,0.09967922708499656,0.013680116419065944,0.09967922708499656,negligible,negligible,22,17,-0.0030707927750683304,0.03105837044748328,0.10824655871385148,0.5909090909090909,-0.011793594733853538,-0.06267600153106233,0.24389050601969123,0.35294117647058826
delta_rel,0.4140516977084771,0.41149521106952724,-0.002556486638949862,-0.013462859756315176,0.45013301210800816,0.4106648975537708,-0.03946811455423738,-0.19957098660222072,0.013462859756315176,0.19957098660222072,negligible,negligible,22,17,0.012862226458615523,0.010013403274800745,0.10572950403783193,0.5454545454545454,-0.07439446030727784,-0.018184398771807452,0.2665142152639937,0.35294117647058826
beta_frontal,0.3765760423561036,0.3815292709890467,0.0049532286329431185,0.01114431834651846,0.3768550011239808,0.3794230988166014,0.002568097692620619,0.005040866008809802,0.01114431834651846,0.005040866008809802,negligible,negligible,22,17,0.006292755656684229,0.026761357882137505,0.09935620573113016,0.6818181818181818,0.010174146145588864,-0.00246404083086679,0.3239403608709913,0.47058823529411764
theta_alpha_occipital_ratio,1.8109567607961539,1.8408542195470687,0.029897458750914874,0.010304552927442518,1.6724515781258793,1.8355614994810998,0.1631099213552205,0.06313286204624675,0.010304552927442518,0.06313286204624675,negligible,negligible,22,17,0.019958592202797096,-0.0003951778382677998,0.0885949826535196,0.5,0.07878043065566702,0.03756914006202942,0.17846517928088634,0.5882352941176471
alpha_beta_temporal_ratio,4.549670398379389,4.510060932189444,-0.039609466189944875,-0.008012544356742838,4.558117521332053,4.52633818464675,-0.03177933668530297,-0.006267940342048481,0.008012544356742838,0.006267940342048481,negligible,negligible,22,17,0.052336805910856855,0.03150874202714794,0.1486178561793479,0.5909090909090909,0.06494299068767259,0.06172000394010556,0.2467043589216245,0.5882352941176471
delta_frontoparietal_ratio,1.2942753574225057,1.303423779787817,0.009148422365311326,0.007639411861471294,1.3653281424165298,1.2958002906109467,-0.06952785180558307,-0.0619355100349861,0.007639411861471294,0.0619355100349861,negligible,negligible,22,17,-0.00855543729370014,0.005525920032537665,0.08435002365245589,0.5,0.007618362637043287,0.07672354942166676,0.21028764251566232,0.6470588235294118
alpha_occipital,4.287411310201857,4.370165651510288,0.08275434130843085,0.0076368919819465,4.023955499322334,4.349168601747582,0.3252131024252485,0.028648370153766513,0.0076368919819465,0.028648370153766513,negligible,negligible,22,17,-0.013808574837919585,0.00601838523976096,0.11036127458570767,0.5,-0.035387581923047806,-0.02267374435742124,0.2244054755285759,0.4117647058823529
gamma_rel,0.03184450565890656,0.03209214171404125,0.000247636055134684,0.007556082776717576,0.033170670751742674,0.0319173897034909,-0.0012532810482517726,-0.03692733572415694,0.007556082776717576,0.03692733572415694,negligible,negligible,22,17,0.026313865888035567,0.02106926367810994,0.1265643505499951,0.5454545454545454,-0.10166472404316661,-0.06800822858511194,0.3599035361120349,0.4117647058823529
theta_alpha_central_ratio,1.577259569941138,1.5732364968714594,-0.00402307306967864,-0.0026642495031174184,1.573943495672917,1.5751106793955842,0.00116718372266722,0.0007989588912265519,0.0026642495031174184,0.0007989588912265519,negligible,negligible,22,17,0.024055814630122904,0.0018794202919670136,0.09713182792905822,0.5909090909090909,0.019230682046213206,0.02467215204274602,0.1678111824226007,0.6470588235294118
gamma_frontal,0.1849084842535074,0.18540313264746439,0.0004946483939569923,0.0013836047864463,0.1942844810516815,0.1846980161819798,-0.009586464869701689,-0.019090542673292434,0.0013836047864463,0.019090542673292434,negligible,negligible,22,17,0.020143744628534924,0.01438589388032376,0.18286675129026012,0.5454545454545454,-0.018570855272571355,-0.08546957445671927,0.38117225129654486,0.35294117647058826
beta_frontoparietal_diff,0.029766958389976582,0.02928533544980968,-0.0004816229401669002,-0.0011853226472433392,0.07940844993083616,0.02686122564656896,-0.052547224284267204,-0.11175816060073551,0.0011853226472433392,0.11175816060073551,negligible,negligible,22,17,0.015061675649799783,0.01036214897663982,0.1535608676781242,0.5454545454545454,-0.03944986095015844,-0.06503581003224392,0.3553253601600596,0.35294117647058826
