subject,run,set_file,set_exists,set_readable,fdt_exists,fdt_size_MB,nbchan,pnts,trials,srate,xmin,xmax,duration_sec,datfile,events_raw,remember_events,ignore_events,event_types,file_format,error
sub-002,1,sub-002_ses-01_task-WorkingMemory_run-1_eeg.set,True,True,True,49.05544662475586,71.0,181121.0,1.0,250.0,0.0,724.48,724.484,sub-002_ses-01_task-WorkingMemory_run-1_eeg.fdt,0,0,0,,MATLAB v7.3 / HDF5,
sub-002,2,sub-002_ses-01_task-WorkingMemory_run-2_eeg.set,True,True,True,51.662044525146484,71.0,190745.0,1.0,250.0,0.0,762.976,762.98,sub-002_ses-01_task-WorkingMemory_run-2_eeg.fdt,0,0,0,,MATLAB v7.3 / HDF5,
sub-002,3,sub-002_ses-01_task-WorkingMemory_run-3_eeg.set,True,True,True,51.792320251464844,71.0,191226.0,1.0,250.0,0.0,764.9,764.904,sub-002_ses-01_task-WorkingMemory_run-3_eeg.fdt,0,0,0,,MATLAB v7.3 / HDF5,
sub-002,4,sub-002_ses-01_task-WorkingMemory_run-4_eeg.set,True,True,True,49.118553161621094,71.0,181354.0,1.0,250.0,0.0,725.412,725.416,sub-002_ses-01_task-WorkingMemory_run-4_eeg.fdt,0,0,0,,MATLAB v7.3 / HDF5,
sub-003,1,sub-003_ses-01_task-WorkingMemory_run-1_eeg.set,True,True,True,49.23691177368164,71.0,181791.0,1.0,250.0,0.0,727.16,727.164,sub-003_ses-01_task-WorkingMemory_run-1_eeg.fdt,0,0,0,,MATLAB v7.3 / HDF5,
sub-003,2,sub-003_ses-01_task-WorkingMemory_run-2_eeg.set,True,True,True,53.08505630493164,71.0,195999.0,1.0,250.0,0.0,783.992,783.996,sub-003_ses-01_task-WorkingMemory_run-2_eeg.fdt,0,0,0,,MATLAB v7.3 / HDF5,
sub-003,3,sub-003_ses-01_task-WorkingMemory_run-3_eeg.set,True,True,True,53.10834884643555,71.0,196085.0,1.0,250.0,0.0,784.336,784.34,sub-003_ses-01_task-WorkingMemory_run-3_eeg.fdt,0,0,0,,MATLAB v7.3 / HDF5,
sub-003,4,sub-003_ses-01_task-WorkingMemory_run-4_eeg.set,True,True,True,45.56156539916992,71.0,168221.0,1.0,250.0,0.0,672.88,672.884,sub-003_ses-01_task-WorkingMemory_run-4_eeg.fdt,0,0,0,,MATLAB v7.3 / HDF5,
sub-004,1,sub-004_ses-01_task-WorkingMemory_run-1_eeg.set,True,True,True,45.572940826416016,71.0,168263.0,1.0,250.0,0.0,673.048,673.052,sub-004_ses-01_task-WorkingMemory_run-1_eeg.fdt,0,0,0,,MATLAB v7.3 / HDF5,
sub-004,2,sub-004_ses-01_task-WorkingMemory_run-2_eeg.set,True,True,True,49.854434967041016,71.0,184071.0,1.0,250.0,0.0,736.28,736.284,sub-004_ses-01_task-WorkingMemory_run-2_eeg.fdt,0,0,0,,MATLAB v7.3 / HDF5,
sub-004,3,sub-004_ses-01_task-WorkingMemory_run-3_eeg.set,True,True,True,42.97528076171875,71.0,158672.0,1.0,250.0,0.0,634.684,634.688,sub-004_ses-01_task-WorkingMemory_run-3_eeg.fdt,0,0,0,,MATLAB v7.3 / HDF5,
sub-004,4,sub-004_ses-01_task-WorkingMemory_run-4_eeg.set,True,True,True,44.7476806640625,71.0,165216.0,1.0,250.0,0.0,660.86,660.864,sub-004_ses-01_task-WorkingMemory_run-4_eeg.fdt,0,0,0,,MATLAB v7.3 / HDF5,
sub-005,1,sub-005_ses-01_task-WorkingMemory_run-1_eeg.set,True,True,True,40.580753326416016,71.0,149831.0,1.0,250.0,0.0,599.32,599.324,sub-005_ses-01_task-WorkingMemory_run-1_eeg.fdt,0,0,0,,MATLAB v7.3 / HDF5,
sub-005,2,sub-005_ses-01_task-WorkingMemory_run-2_eeg.set,True,True,True,41.568790435791016,71.0,153479.0,1.0,250.0,0.0,613.912,613.916,sub-005_ses-01_task-WorkingMemory_run-2_eeg.fdt,0,0,0,,MATLAB v7.3 / HDF5,
sub-005,3,sub-005_ses-01_task-WorkingMemory_run-3_eeg.set,True,True,True,41.92169952392578,71.0,154782.0,1.0,250.0,0.0,619.124,619.128,sub-005_ses-01_task-WorkingMemory_run-3_eeg.fdt,0,0,0,,MATLAB v7.3 / HDF5,
sub-005,4,sub-005_ses-01_task-WorkingMemory_run-4_eeg.set,True,True,True,41.179588317871094,71.0,152042.0,1.0,250.0,0.0,608.164,608.168,sub-005_ses-01_task-WorkingMemory_run-4_eeg.fdt,0,0,0,,MATLAB v7.3 / HDF5,
sub-006,1,sub-006_ses-01_task-WorkingMemory_run-1_eeg.set,True,True,True,47.13949966430664,71.0,174047.0,1.0,250.0,0.0,696.184,696.188,sub-006_ses-01_task-WorkingMemory_run-1_eeg.fdt,0,0,0,,MATLAB v7.3 / HDF5,
sub-006,2,sub-006_ses-01_task-WorkingMemory_run-2_eeg.set,True,True,True,38.96977615356445,71.0,143883.0,1.0,250.0,0.0,575.528,575.532,sub-006_ses-01_task-WorkingMemory_run-2_eeg.fdt,0,0,0,,MATLAB v7.3 / HDF5,
sub-006,3,sub-006_ses-01_task-WorkingMemory_run-3_eeg.set,True,True,True,37.7607307434082,71.0,139419.0,1.0,250.0,0.0,557.672,557.676,sub-006_ses-01_task-WorkingMemory_run-3_eeg.fdt,0,0,0,,MATLAB v7.3 / HDF5,
sub-006,4,sub-006_ses-01_task-WorkingMemory_run-4_eeg.set,True,True,True,37.963863372802734,71.0,140169.0,1.0,250.0,0.0,560.672,560.676,sub-006_ses-01_task-WorkingMemory_run-4_eeg.fdt,0,0,0,,MATLAB v7.3 / HDF5,
sub-007,1,sub-007_ses-01_task-WorkingMemory_run-1_eeg.set,True,True,True,40.89384841918945,71.0,150987.0,1.0,250.0,0.0,603.944,603.948,sub-007_ses-01_task-WorkingMemory_run-1_eeg.fdt,0,0,0,,MATLAB v7.3 / HDF5,
sub-007,2,sub-007_ses-01_task-WorkingMemory_run-2_eeg.set,True,True,True,37.73527145385742,71.0,139325.0,1.0,250.0,0.0,557.296,557.3,sub-007_ses-01_task-WorkingMemory_run-2_eeg.fdt,0,0,0,,MATLAB v7.3 / HDF5,
sub-007,3,sub-007_ses-01_task-WorkingMemory_run-3_eeg.set,True,True,True,39.40556335449219,71.0,145492.0,1.0,250.0,0.0,581.964,581.968,sub-007_ses-01_task-WorkingMemory_run-3_eeg.fdt,0,0,0,,MATLAB v7.3 / HDF5,
sub-007,4,sub-007_ses-01_task-WorkingMemory_run-4_eeg.set,True,True,True,40.72538375854492,71.0,150365.0,1.0,250.0,0.0,601.456,601.46,sub-007_ses-01_task-WorkingMemory_run-4_eeg.fdt,0,0,0,,MATLAB v7.3 / HDF5,
sub-008,1,sub-008_ses-01_task-WorkingMemory_run-1_eeg.set,True,True,True,41.59722900390625,71.0,153584.0,1.0,250.0,0.0,614.332,614.336,sub-008_ses-01_task-WorkingMemory_run-1_eeg.fdt,0,0,0,,MATLAB v7.3 / HDF5,
sub-008,2,sub-008_ses-01_task-WorkingMemory_run-2_eeg.set,True,True,True,59.29062271118164,71.0,218911.0,1.0,250.0,0.0,875.64,875.644,sub-008_ses-01_task-WorkingMemory_run-2_eeg.fdt,0,0,0,,MATLAB v7.3 / HDF5,
sub-008,3,sub-008_ses-01_task-WorkingMemory_run-3_eeg.set,True,True,True,51.31780242919922,71.0,189474.0,1.0,250.0,0.0,757.892,757.896,sub-008_ses-01_task-WorkingMemory_run-3_eeg.fdt,0,0,0,,MATLAB v7.3 / HDF5,
sub-008,4,sub-008_ses-01_task-WorkingMemory_run-4_eeg.set,True,True,True,89.3507308959961,71.0,329898.0,1.0,250.0,0.0,1319.588,1319.592,sub-008_ses-01_task-WorkingMemory_run-4_eeg.fdt,0,0,0,,MATLAB v7.3 / HDF5,
sub-009,1,sub-009_ses-01_task-WorkingMemory_run-1_eeg.set,True,True,True,41.70204544067383,71.0,153971.0,1.0,250.0,0.0,615.88,615.884,sub-009_ses-01_task-WorkingMemory_run-1_eeg.fdt,0,0,0,,MATLAB v7.3 / HDF5,
sub-009,2,sub-009_ses-01_task-WorkingMemory_run-2_eeg.set,True,True,True,42.57524490356445,71.0,157195.0,1.0,250.0,0.0,628.776,628.78,sub-009_ses-01_task-WorkingMemory_run-2_eeg.fdt,0,0,0,,MATLAB v7.3 / HDF5,
sub-009,3,sub-009_ses-01_task-WorkingMemory_run-3_eeg.set,True,True,True,42.30656814575195,71.0,156203.0,1.0,250.0,0.0,624.808,624.812,sub-009_ses-01_task-WorkingMemory_run-3_eeg.fdt,0,0,0,,MATLAB v7.3 / HDF5,
sub-009,4,sub-009_ses-01_task-WorkingMemory_run-4_eeg.set,True,True,True,43.133724212646484,71.0,159257.0,1.0,250.0,0.0,637.024,637.028,sub-009_ses-01_task-WorkingMemory_run-4_eeg.fdt,0,0,0,,MATLAB v7.3 / HDF5,
sub-010,1,sub-010_ses-01_task-WorkingMemory_run-1_eeg.set,True,True,True,41.94742965698242,71.0,154877.0,1.0,250.0,0.0,619.504,619.508,sub-010_ses-01_task-WorkingMemory_run-1_eeg.fdt,0,0,0,,MATLAB v7.3 / HDF5,
sub-010,2,sub-010_ses-01_task-WorkingMemory_run-2_eeg.set,True,True,True,40.173133850097656,71.0,148326.0,1.0,250.0,0.0,593.3,593.304,sub-010_ses-01_task-WorkingMemory_run-2_eeg.fdt,0,0,0,,MATLAB v7.3 / HDF5,
sub-010,3,sub-010_ses-01_task-WorkingMemory_run-3_eeg.set,True,True,True,40.2394905090332,71.0,148571.0,1.0,250.0,0.0,594.28,594.284,sub-010_ses-01_task-WorkingMemory_run-3_eeg.fdt,0,0,0,,MATLAB v7.3 / HDF5,
sub-010,4,sub-010_ses-01_task-WorkingMemory_run-4_eeg.set,True,True,True,40.074005126953125,71.0,147960.0,1.0,250.0,0.0,591.836,591.84,sub-010_ses-01_task-WorkingMemory_run-4_eeg.fdt,0,0,0,,MATLAB v7.3 / HDF5,
sub-011,1,sub-011_ses-01_task-WorkingMemory_run-1_eeg.set,True,True,True,50.877140045166016,71.0,187847.0,1.0,250.0,0.0,751.384,751.388,sub-011_ses-01_task-WorkingMemory_run-1_eeg.fdt,0,0,0,,MATLAB v7.3 / HDF5,
sub-011,2,sub-011_ses-01_task-WorkingMemory_run-2_eeg.set,True,True,True,51.90634536743164,71.0,191647.0,1.0,250.0,0.0,766.584,766.588,sub-011_ses-01_task-WorkingMemory_run-2_eeg.fdt,0,0,0,,MATLAB v7.3 / HDF5,
sub-011,3,sub-011_ses-01_task-WorkingMemory_run-3_eeg.set,True,True,True,57.589725494384766,71.0,212631.0,1.0,250.0,0.0,850.52,850.524,sub-011_ses-01_task-WorkingMemory_run-3_eeg.fdt,0,0,0,,MATLAB v7.3 / HDF5,
sub-011,4,sub-011_ses-01_task-WorkingMemory_run-4_eeg.set,True,True,True,55.1033821105957,71.0,203451.0,1.0,250.0,0.0,813.8,813.804,sub-011_ses-01_task-WorkingMemory_run-4_eeg.fdt,0,0,0,,MATLAB v7.3 / HDF5,
sub-012,1,sub-012_ses-01_task-WorkingMemory_run-1_eeg.set,True,True,True,36.96986770629883,71.0,136499.0,1.0,250.0,0.0,545.992,545.996,sub-012_ses-01_task-WorkingMemory_run-1_eeg.fdt,0,0,0,,MATLAB v7.3 / HDF5,
sub-012,2,sub-012_ses-01_task-WorkingMemory_run-2_eeg.set,True,True,True,38.171329498291016,71.0,140935.0,1.0,250.0,0.0,563.736,563.74,sub-012_ses-01_task-WorkingMemory_run-2_eeg.fdt,0,0,0,,MATLAB v7.3 / HDF5,
sub-012,3,sub-012_ses-01_task-WorkingMemory_run-3_eeg.set,True,True,True,37.79594039916992,71.0,139549.0,1.0,250.0,0.0,558.192,558.196,sub-012_ses-01_task-WorkingMemory_run-3_eeg.fdt,0,0,0,,MATLAB v7.3 / HDF5,
sub-014,1,sub-014_ses-01_task-WorkingMemory_run-1_eeg.set,True,True,True,159.47292709350586,71.0,588801.0,1.0,1000.0,0.0,588.8,588.801,sub-014_ses-01_task-WorkingMemory_run-1_eeg.fdt,0,0,0,,MATLAB v7.3 / HDF5,
sub-014,2,sub-014_ses-01_task-WorkingMemory_run-2_eeg.set,True,True,True,164.25710678100586,71.0,606465.0,1.0,1000.0,0.0,606.464,606.465,sub-014_ses-01_task-WorkingMemory_run-2_eeg.fdt,0,0,0,,MATLAB v7.3 / HDF5,
sub-014,3,sub-014_ses-01_task-WorkingMemory_run-3_eeg.set,True,True,True,161.41379165649414,71.0,595967.0,1.0,1000.0,0.0,595.966,595.967,sub-014_ses-01_task-WorkingMemory_run-3_eeg.fdt,0,0,0,,MATLAB v7.3 / HDF5,
sub-015,1,sub-015_ses-01_task-WorkingMemory_run-1_eeg.set,True,True,True,81.123046875,71.0,299520.0,1.0,500.0,0.0,599.038,599.04,sub-015_ses-01_task-WorkingMemory_run-1_eeg.fdt,0,0,0,,MATLAB v7.3 / HDF5,
sub-015,2,sub-015_ses-01_task-WorkingMemory_run-2_eeg.set,True,True,True,76.26980209350586,71.0,281601.0,1.0,500.0,0.0,563.2,563.202,sub-015_ses-01_task-WorkingMemory_run-2_eeg.fdt,0,0,0,,MATLAB v7.3 / HDF5,
sub-015,3,sub-015_ses-01_task-WorkingMemory_run-3_eeg.set,True,True,True,75.22922134399414,71.0,277759.0,1.0,500.0,0.0,555.516,555.518,sub-015_ses-01_task-WorkingMemory_run-3_eeg.fdt,0,0,0,,MATLAB v7.3 / HDF5,
sub-016,1,sub-016_ses-01_task-WorkingMemory_run-1_eeg.set,True,True,True,105.11355209350586,71.0,388097.0,1.0,500.0,0.0,776.192,776.194,sub-016_ses-01_task-WorkingMemory_run-1_eeg.fdt,0,0,0,,MATLAB v7.3 / HDF5,
sub-016,2,sub-016_ses-01_task-WorkingMemory_run-2_eeg.set,True,True,True,93.67312240600586,71.0,345857.0,1.0,500.0,0.0,691.712,691.714,sub-016_ses-01_task-WorkingMemory_run-2_eeg.fdt,0,0,0,,MATLAB v7.3 / HDF5,
sub-016,3,sub-016_ses-01_task-WorkingMemory_run-3_eeg.set,True,True,True,76.75461196899414,71.0,283391.0,1.0,500.0,0.0,566.78,566.782,sub-016_ses-01_task-WorkingMemory_run-3_eeg.fdt,0,0,0,,MATLAB v7.3 / HDF5,
sub-017,1,sub-017_ses-01_task-WorkingMemory_run-1_eeg.set,True,True,True,75.36843490600586,71.0,278273.0,1.0,500.0,0.0,556.544,556.546,sub-017_ses-01_task-WorkingMemory_run-1_eeg.fdt,0,0,0,,MATLAB v7.3 / HDF5,
sub-017,2,sub-017_ses-01_task-WorkingMemory_run-2_eeg.set,True,True,True,75.16042709350586,71.0,277505.0,1.0,500.0,0.0,555.008,555.01,sub-017_ses-01_task-WorkingMemory_run-2_eeg.fdt,0,0,0,,MATLAB v7.3 / HDF5,
sub-017,3,sub-017_ses-01_task-WorkingMemory_run-3_eeg.set,True,True,True,69.82101821899414,71.0,257791.0,1.0,500.0,0.0,515.58,515.582,sub-017_ses-01_task-WorkingMemory_run-3_eeg.fdt,0,0,0,,MATLAB v7.3 / HDF5,
sub-018,1,sub-018_ses-01_task-WorkingMemory_run-1_eeg.set,True,True,True,83.6884765625,71.0,308992.0,1.0,500.0,0.0,617.982,617.984,sub-018_ses-01_task-WorkingMemory_run-1_eeg.fdt,0,0,0,,MATLAB v7.3 / HDF5,
sub-018,2,sub-018_ses-01_task-WorkingMemory_run-2_eeg.set,True,True,True,80.568359375,71.0,297472.0,1.0,500.0,0.0,594.942,594.944,sub-018_ses-01_task-WorkingMemory_run-2_eeg.fdt,0,0,0,,MATLAB v7.3 / HDF5,
sub-018,3,sub-018_ses-01_task-WorkingMemory_run-3_eeg.set,True,True,True,79.25070571899414,71.0,292607.0,1.0,500.0,0.0,585.212,585.214,sub-018_ses-01_task-WorkingMemory_run-3_eeg.fdt,0,0,0,,MATLAB v7.3 / HDF5,
sub-019,1,sub-019_ses-01_task-WorkingMemory_run-1_eeg.set,True,True,True,86.53152084350586,71.0,319489.0,1.0,500.0,0.0,638.976,638.978,sub-019_ses-01_task-WorkingMemory_run-1_eeg.fdt,0,0,0,,MATLAB v7.3 / HDF5,
sub-019,2,sub-019_ses-01_task-WorkingMemory_run-2_eeg.set,True,True,True,85.005859375,71.0,313856.0,1.0,500.0,0.0,627.71,627.712,sub-019_ses-01_task-WorkingMemory_run-2_eeg.fdt,0,0,0,,MATLAB v7.3 / HDF5,
sub-019,3,sub-019_ses-01_task-WorkingMemory_run-3_eeg.set,True,True,True,88.74972915649414,71.0,327679.0,1.0,500.0,0.0,655.356,655.358,sub-019_ses-01_task-WorkingMemory_run-3_eeg.fdt,0,0,0,,MATLAB v7.3 / HDF5,
sub-020,1,sub-020_ses-01_task-WorkingMemory_run-1_eeg.set,True,True,True,81.19265365600586,71.0,299777.0,1.0,500.0,0.0,599.552,599.554,sub-020_ses-01_task-WorkingMemory_run-1_eeg.fdt,0,0,0,,MATLAB v7.3 / HDF5,
sub-020,2,sub-020_ses-01_task-WorkingMemory_run-2_eeg.set,True,True,True,83.55007553100586,71.0,308481.0,1.0,500.0,0.0,616.96,616.962,sub-020_ses-01_task-WorkingMemory_run-2_eeg.fdt,0,0,0,,MATLAB v7.3 / HDF5,
sub-020,3,sub-020_ses-01_task-WorkingMemory_run-3_eeg.set,True,True,True,79.25070571899414,71.0,292607.0,1.0,500.0,0.0,585.212,585.214,sub-020_ses-01_task-WorkingMemory_run-3_eeg.fdt,0,0,0,,MATLAB v7.3 / HDF5,
sub-021,1,sub-021_ses-01_task-WorkingMemory_run-1_eeg.set,True,True,True,96.72390365600586,71.0,357121.0,1.0,500.0,0.0,714.24,714.242,sub-021_ses-01_task-WorkingMemory_run-1_eeg.fdt,0,0,0,,MATLAB v7.3 / HDF5,
sub-021,2,sub-021_ses-01_task-WorkingMemory_run-2_eeg.set,True,True,True,107.12429428100586,71.0,395521.0,1.0,500.0,0.0,791.04,791.042,sub-021_ses-01_task-WorkingMemory_run-2_eeg.fdt,0,0,0,,MATLAB v7.3 / HDF5,
sub-021,3,sub-021_ses-01_task-WorkingMemory_run-3_eeg.set,True,True,True,92.21652603149414,71.0,340479.0,1.0,500.0,0.0,680.956,680.958,sub-021_ses-01_task-WorkingMemory_run-3_eeg.fdt,0,0,0,,MATLAB v7.3 / HDF5,
sub-022,1,sub-022_ses-01_task-WorkingMemory_run-1_eeg.set,True,True,True,78.28054428100586,71.0,289025.0,1.0,500.0586756077117,0.0,577.9801733241698,577.982173089495,sub-022_ses-01_task-WorkingMemory_run-1_eeg.fdt,0,0,0,,MATLAB v7.3 / HDF5,
sub-022,2,sub-022_ses-01_task-WorkingMemory_run-2_eeg.set,True,True,True,65.73046875,71.0,242688.0,1.0,500.0586756077117,0.0,485.31704745461553,485.3190472199406,sub-022_ses-01_task-WorkingMemory_run-2_eeg.fdt,0,0,0,,MATLAB v7.3 / HDF5,
sub-022,3,sub-022_ses-01_task-WorkingMemory_run-3_eeg.set,True,True,True,104.76714324951172,71.0,386818.0,1.0,500.0586756077117,0.0,773.543223762509,773.5452235278341,sub-022_ses-01_task-WorkingMemory_run-3_eeg.fdt,0,0,0,,MATLAB v7.3 / HDF5,
sub-022,4,sub-022_ses-01_task-WorkingMemory_run-4_eeg.set,True,True,True,93.6728515625,71.0,345856.0,1.0,500.0586756077117,0.0,691.6288365154131,691.6308362807382,sub-022_ses-01_task-WorkingMemory_run-4_eeg.fdt,0,0,0,,MATLAB v7.3 / HDF5,
sub-022,5,sub-022_ses-01_task-WorkingMemory_run-5_eeg.set,True,True,True,94.29714584350586,71.0,348161.0,1.0,500.0586756077117,0.0,696.2382955897882,696.2402953551134,sub-022_ses-01_task-WorkingMemory_run-5_eeg.fdt,0,0,0,,MATLAB v7.3 / HDF5,
sub-022,6,sub-022_ses-01_task-WorkingMemory_run-6_eeg.set,True,True,True,109.48171615600586,71.0,404225.0,1.0,500.0586756077117,0.0,808.3531387766733,808.3551385419984,sub-022_ses-01_task-WorkingMemory_run-6_eeg.fdt,0,0,0,,MATLAB v7.3 / HDF5,
sub-023,1,sub-023_ses-01_task-WorkingMemory_run-1_eeg.set,True,True,True,97.76394271850586,71.0,360961.0,1.0,500.0586756077117,0.0,721.8352917511776,721.8372915165027,sub-023_ses-01_task-WorkingMemory_run-1_eeg.fdt,0,0,0,,MATLAB v7.3 / HDF5,
sub-023,2,sub-023_ses-01_task-WorkingMemory_run-2_eeg.set,True,True,True,95.96120834350586,71.0,354305.0,1.0,500.0586756077117,0.0,708.5248537472551,708.5268535125803,sub-023_ses-01_task-WorkingMemory_run-2_eeg.fdt,0,0,0,,MATLAB v7.3 / HDF5,
sub-023,3,sub-023_ses-01_task-WorkingMemory_run-3_eeg.set,True,True,True,96.654296875,71.0,356864.0,1.0,500.0586756077117,0.0,713.6422532142078,713.644252979533,sub-023_ses-01_task-WorkingMemory_run-3_eeg.fdt,0,0,0,,MATLAB v7.3 / HDF5,
sub-023,4,sub-023_ses-01_task-WorkingMemory_run-4_eeg.set,True,True,True,91.87038803100586,71.0,339201.0,1.0,500.0586756077117,0.0,678.3203982768158,678.3223980421409,sub-023_ses-01_task-WorkingMemory_run-4_eeg.fdt,0,0,0,,MATLAB v7.3 / HDF5,
sub-023,5,sub-023_ses-01_task-WorkingMemory_run-5_eeg.set,True,True,True,83.82741928100586,71.0,309505.0,1.0,500.0586756077117,0.0,618.9353671823926,618.9373669477178,sub-023_ses-01_task-WorkingMemory_run-5_eeg.fdt,0,0,0,,MATLAB v7.3 / HDF5,
sub-024,1,sub-024_ses-01_task-WorkingMemory_run-1_eeg.set,True,True,True,77.17116928100586,71.0,284929.0,1.0,500.0,0.0,569.856,569.858,sub-024_ses-01_task-WorkingMemory_run-1_eeg.fdt,0,0,0,,MATLAB v7.3 / HDF5,
sub-024,2,sub-024_ses-01_task-WorkingMemory_run-2_eeg.set,True,True,True,76.26980209350586,71.0,281601.0,1.0,500.0,0.0,563.2,563.202,sub-024_ses-01_task-WorkingMemory_run-2_eeg.fdt,0,0,0,,MATLAB v7.3 / HDF5,
sub-024,3,sub-024_ses-01_task-WorkingMemory_run-3_eeg.set,True,True,True,76.75461196899414,71.0,283391.0,1.0,500.0,0.0,566.78,566.782,sub-024_ses-01_task-WorkingMemory_run-3_eeg.fdt,0,0,0,,MATLAB v7.3 / HDF5,
