subject,session,run,source_file,duration,latency,letter,memory_cond,sample,task_role,trial,type,urevent,value
sub-010,ses-01,run-1,sub-010_ses-01_task-WorkingMemory_run-1_eeg.set,1263.075,807.0,+,5,807,fixate,1,show_cross,1.0,nonWM
sub-010,ses-01,run-1,sub-010_ses-01_task-WorkingMemory_run-1_eeg.set,313.725,2133.2954465000003,Z,5,2133,to_ignore,1,show_letter,2.0,gZ
sub-010,ses-01,run-1,sub-010_ses-01_task-WorkingMemory_run-1_eeg.set,313.7,2510.24415235,T,5,2510,to_remember,1,show_letter,3.0,T
sub-010,ses-01,run-1,sub-010_ses-01_task-WorkingMemory_run-1_eeg.set,313.7,2887.1928582,M,5,2887,to_remember,1,show_letter,4.0,M
sub-010,ses-01,run-1,sub-010_ses-01_task-WorkingMemory_run-1_eeg.set,313.45,3264.14156405,S,5,3264,to_remember,1,show_letter,5.0,S
sub-010,ses-01,run-1,sub-010_ses-01_task-WorkingMemory_run-1_eeg.set,313.45,3641.065269975,Y,5,3641,to_ignore,1,show_letter,6.0,gY
sub-010,ses-01,run-1,sub-010_ses-01_task-WorkingMemory_run-1_eeg.set,313.45,4018.0139758249998,V,5,4018,to_remember,1,show_letter,7.0,V
sub-010,ses-01,run-1,sub-010_ses-01_task-WorkingMemory_run-1_eeg.set,313.45,4394.962681675001,N,5,4395,to_remember,1,show_letter,8.0,N
sub-010,ses-01,run-1,sub-010_ses-01_task-WorkingMemory_run-1_eeg.set,313.725,4771.63638845,H,5,4772,to_ignore,1,show_letter,9.0,gH
sub-010,ses-01,run-1,sub-010_ses-01_task-WorkingMemory_run-1_eeg.set,549.675,5148.5850943000005,-,5,5149,work_memory,1,show_dash,10.0,WM
sub-010,ses-01,run-1,sub-010_ses-01_task-WorkingMemory_run-1_eeg.set,296.45,5761.50799,Q,5,5762,probe_not_shown,1,show_letter,11.0,rQ
sub-010,ses-01,run-1,sub-010_ses-01_task-WorkingMemory_run-1_eeg.set,0.0,6040.857030925,n/a,5,6041,ignored_correct,1,left_click,12.0,255
sub-010,ses-01,run-1,sub-010_ses-01_task-WorkingMemory_run-1_eeg.set,0.0,6140.8816875,n/a,5,6141,feedback_correct,1,sound_beep,13.0,correct
sub-010,ses-01,run-1,sub-010_ses-01_task-WorkingMemory_run-1_eeg.set,0.0,7088.8784328,n/a,5,7089,indicate_ready,1,right_click,14.0,1
sub-010,ses-01,run-1,sub-010_ses-01_task-WorkingMemory_run-1_eeg.set,1263.05,7105.303376425,+,7,7105,fixate,2,show_cross,15.0,nonWM
sub-010,ses-01,run-1,sub-010_ses-01_task-WorkingMemory_run-1_eeg.set,313.725,8431.573823025,X,7,8432,to_remember,2,show_letter,16.0,X
sub-010,ses-01,run-1,sub-010_ses-01_task-WorkingMemory_run-1_eeg.set,313.7,8808.52252885,C,7,8809,to_ignore,2,show_letter,17.0,gC
sub-010,ses-01,run-1,sub-010_ses-01_task-WorkingMemory_run-1_eeg.set,313.7,9185.4712347,J,7,9185,to_remember,2,show_letter,18.0,J
sub-010,ses-01,run-1,sub-010_ses-01_task-WorkingMemory_run-1_eeg.set,313.7,9562.41994055,H,7,9562,to_remember,2,show_letter,19.0,H
sub-010,ses-01,run-1,sub-010_ses-01_task-WorkingMemory_run-1_eeg.set,313.45,9939.343646475,N,7,9939,to_remember,2,show_letter,20.0,N
sub-010,ses-01,run-1,sub-010_ses-01_task-WorkingMemory_run-1_eeg.set,313.45,10316.292352325001,D,7,10316,to_remember,2,show_letter,21.0,D
sub-010,ses-01,run-1,sub-010_ses-01_task-WorkingMemory_run-1_eeg.set,313.425,10693.241058175001,P,7,10693,to_remember,2,show_letter,22.0,P
sub-010,ses-01,run-1,sub-010_ses-01_task-WorkingMemory_run-1_eeg.set,313.475,11070.1647641,S,7,11070,to_remember,2,show_letter,23.0,S
sub-010,ses-01,run-1,sub-010_ses-01_task-WorkingMemory_run-1_eeg.set,889.125,11446.8634708,-,7,11447,work_memory,2,show_dash,24.0,WM
sub-010,ses-01,run-1,sub-010_ses-01_task-WorkingMemory_run-1_eeg.set,227.2,12399.485200225,L,7,12399,probe_not_shown,2,show_letter,25.0,rL
sub-010,ses-01,run-1,sub-010_ses-01_task-WorkingMemory_run-1_eeg.set,0.0,12612.459469025,n/a,7,12612,ignored_correct,2,left_click,26.0,255
sub-010,ses-01,run-1,sub-010_ses-01_task-WorkingMemory_run-1_eeg.set,0.0,12712.50912555,n/a,7,12713,feedback_correct,2,sound_beep,27.0,correct
sub-010,ses-01,run-1,sub-010_ses-01_task-WorkingMemory_run-1_eeg.set,0.0,13528.681323425,n/a,7,13529,indicate_ready,2,right_click,28.0,1
sub-010,ses-01,run-1,sub-010_ses-01_task-WorkingMemory_run-1_eeg.set,1263.3,13547.306259474999,+,3,13547,fixate,3,show_cross,29.0,nonWM
sub-010,ses-01,run-1,sub-010_ses-01_task-WorkingMemory_run-1_eeg.set,313.45,14873.851705125,J,3,14874,to_ignore,3,show_letter,30.0,gJ
sub-010,ses-01,run-1,sub-010_ses-01_task-WorkingMemory_run-1_eeg.set,313.45,15250.775411050001,C,3,15251,to_ignore,3,show_letter,31.0,gC
sub-010,ses-01,run-1,sub-010_ses-01_task-WorkingMemory_run-1_eeg.set,313.45,15627.7241169,L,3,15628,to_ignore,3,show_letter,32.0,gL
sub-010,ses-01,run-1,sub-010_ses-01_task-WorkingMemory_run-1_eeg.set,313.5,16004.622822925,S,3,16005,to_remember,3,show_letter,33.0,S
sub-010,ses-01,run-1,sub-010_ses-01_task-WorkingMemory_run-1_eeg.set,313.725,16381.34652955,G,3,16381,to_remember,3,show_letter,34.0,G
sub-010,ses-01,run-1,sub-010_ses-01_task-WorkingMemory_run-1_eeg.set,313.7,16758.295235375,V,3,16758,to_remember,3,show_letter,35.0,V
sub-010,ses-01,run-1,sub-010_ses-01_task-WorkingMemory_run-1_eeg.set,313.7,17135.243941225002,R,3,17135,to_ignore,3,show_letter,36.0,gR
sub-010,ses-01,run-1,sub-010_ses-01_task-WorkingMemory_run-1_eeg.set,313.7,17512.192647075,T,3,17512,to_ignore,3,show_letter,37.0,gT
sub-010,ses-01,run-1,sub-010_ses-01_task-WorkingMemory_run-1_eeg.set,563.925,17889.116353,-,3,17889,work_memory,3,show_dash,38.0,WM
sub-010,ses-01,run-1,sub-010_ses-01_task-WorkingMemory_run-1_eeg.set,313.7,18516.289199775,V,3,18516,probe_target,3,show_letter,39.0,rV
sub-010,ses-01,run-1,sub-010_ses-01_task-WorkingMemory_run-1_eeg.set,0.0,19124.687111,n/a,3,19125,remembered_correct,3,right_click,40.0,1
sub-010,ses-01,run-1,sub-010_ses-01_task-WorkingMemory_run-1_eeg.set,0.0,19224.7117676,n/a,3,19225,feedback_correct,3,sound_beep,41.0,correct
sub-010,ses-01,run-1,sub-010_ses-01_task-WorkingMemory_run-1_eeg.set,0.0,19902.459440724997,n/a,3,19902,indicate_ready,3,right_click,42.0,1
sub-010,ses-01,run-1,sub-010_ses-01_task-WorkingMemory_run-1_eeg.set,1263.05,19920.559378575,+,7,19921,fixate,4,show_cross,43.0,nonWM
sub-010,ses-01,run-1,sub-010_ses-01_task-WorkingMemory_run-1_eeg.set,313.7,21246.854825075,W,7,21247,to_remember,4,show_letter,44.0,W
sub-010,ses-01,run-1,sub-010_ses-01_task-WorkingMemory_run-1_eeg.set,313.675,21623.803530925,Z,7,21624,to_remember,4,show_letter,45.0,Z
sub-010,ses-01,run-1,sub-010_ses-01_task-WorkingMemory_run-1_eeg.set,313.725,22000.727236849998,V,7,22001,to_remember,4,show_letter,46.0,V
sub-010,ses-01,run-1,sub-010_ses-01_task-WorkingMemory_run-1_eeg.set,313.7,22377.6759427,D,7,22378,to_remember,4,show_letter,47.0,D
sub-010,ses-01,run-1,sub-010_ses-01_task-WorkingMemory_run-1_eeg.set,313.45,22754.62464855,F,7,22755,to_ignore,4,show_letter,48.0,gF
sub-010,ses-01,run-1,sub-010_ses-01_task-WorkingMemory_run-1_eeg.set,313.45,23131.5733544,X,7,23132,to_remember,4,show_letter,49.0,X
sub-010,ses-01,run-1,sub-010_ses-01_task-WorkingMemory_run-1_eeg.set,313.45,23508.497060325,M,7,23508,to_remember,4,show_letter,50.0,M
sub-010,ses-01,run-1,sub-010_ses-01_task-WorkingMemory_run-1_eeg.set,313.45,23885.445766175,Y,7,23885,to_remember,4,show_letter,51.0,Y
sub-010,ses-01,run-1,sub-010_ses-01_task-WorkingMemory_run-1_eeg.set,624.4,24262.144472875,-,7,24262,work_memory,4,show_dash,52.0,WM
sub-010,ses-01,run-1,sub-010_ses-01_task-WorkingMemory_run-1_eeg.set,330.7,24950.04211115,G,7,24950,probe_not_shown,4,show_letter,53.0,rG
sub-010,ses-01,run-1,sub-010_ses-01_task-WorkingMemory_run-1_eeg.set,0.0,25254.591065575,n/a,7,25255,ignored_correct,4,left_click,54.0,255
sub-010,ses-01,run-1,sub-010_ses-01_task-WorkingMemory_run-1_eeg.set,0.0,25354.640722075,n/a,7,25355,feedback_correct,4,sound_beep,55.0,correct
sub-010,ses-01,run-1,sub-010_ses-01_task-WorkingMemory_run-1_eeg.set,0.0,26717.861041825,n/a,7,26718,indicate_ready,4,right_click,56.0,1
sub-010,ses-01,run-1,sub-010_ses-01_task-WorkingMemory_run-1_eeg.set,1263.05,26733.760987225,+,3,26734,fixate,5,show_cross,57.0,nonWM
sub-010,ses-01,run-1,sub-010_ses-01_task-WorkingMemory_run-1_eeg.set,313.45,28060.306432875,Q,3,28060,to_remember,5,show_letter,58.0,Q
sub-010,ses-01,run-1,sub-010_ses-01_task-WorkingMemory_run-1_eeg.set,313.45,28437.255138725,P,3,28437,to_ignore,5,show_letter,59.0,gP
sub-010,ses-01,run-1,sub-010_ses-01_task-WorkingMemory_run-1_eeg.set,313.475,28814.17884465,J,3,28814,to_remember,5,show_letter,60.0,J
sub-010,ses-01,run-1,sub-010_ses-01_task-WorkingMemory_run-1_eeg.set,313.7,29190.87755135,T,3,29191,to_ignore,5,show_letter,61.0,gT
sub-010,ses-01,run-1,sub-010_ses-01_task-WorkingMemory_run-1_eeg.set,313.7,29567.8262572,Z,3,29568,to_ignore,5,show_letter,62.0,gZ
sub-010,ses-01,run-1,sub-010_ses-01_task-WorkingMemory_run-1_eeg.set,313.7,29944.77496305,K,3,29945,to_ignore,5,show_letter,63.0,gK
sub-010,ses-01,run-1,sub-010_ses-01_task-WorkingMemory_run-1_eeg.set,313.7,30321.698668975,D,3,30322,to_remember,5,show_letter,64.0,D
sub-010,ses-01,run-1,sub-010_ses-01_task-WorkingMemory_run-1_eeg.set,313.7,30698.647374825,C,3,30699,to_ignore,5,show_letter,65.0,gC
sub-010,ses-01,run-1,sub-010_ses-01_task-WorkingMemory_run-1_eeg.set,750.875,31075.596080675,-,3,31076,work_memory,5,show_dash,66.0,WM
sub-010,ses-01,run-1,sub-010_ses-01_task-WorkingMemory_run-1_eeg.set,278.95,31889.968284725,J,3,31890,probe_target,5,show_letter,67.0,rJ
sub-010,ses-01,run-1,sub-010_ses-01_task-WorkingMemory_run-1_eeg.set,0.0,32155.667372524997,n/a,3,32156,remembered_correct,5,right_click,68.0,1
sub-010,ses-01,run-1,sub-010_ses-01_task-WorkingMemory_run-1_eeg.set,0.0,32255.692029125003,n/a,3,32256,feedback_correct,5,sound_beep,69.0,correct
sub-010,ses-01,run-1,sub-010_ses-01_task-WorkingMemory_run-1_eeg.set,0.0,33177.313864975,n/a,3,33177,indicate_ready,5,right_click,70.0,1
sub-010,ses-01,run-1,sub-010_ses-01_task-WorkingMemory_run-1_eeg.set,1263.05,33193.2638102,+,3,33193,fixate,6,show_cross,71.0,nonWM
sub-010,ses-01,run-1,sub-010_ses-01_task-WorkingMemory_run-1_eeg.set,313.7,34519.559256725,P,3,34520,to_remember,6,show_letter,72.0,P
sub-010,ses-01,run-1,sub-010_ses-01_task-WorkingMemory_run-1_eeg.set,313.7,34896.50796255,T,3,34897,to_ignore,6,show_letter,73.0,gT
sub-010,ses-01,run-1,sub-010_ses-01_task-WorkingMemory_run-1_eeg.set,313.725,35273.4316685,Z,3,35273,to_ignore,6,show_letter,74.0,gZ
sub-010,ses-01,run-1,sub-010_ses-01_task-WorkingMemory_run-1_eeg.set,313.7,35650.380374324996,Q,3,35650,to_ignore,6,show_letter,75.0,gQ
sub-010,ses-01,run-1,sub-010_ses-01_task-WorkingMemory_run-1_eeg.set,313.7,36027.329080175004,V,3,36027,to_remember,6,show_letter,76.0,V
sub-010,ses-01,run-1,sub-010_ses-01_task-WorkingMemory_run-1_eeg.set,313.7,36404.277786025,B,3,36404,to_ignore,6,show_letter,77.0,gB
sub-010,ses-01,run-1,sub-010_ses-01_task-WorkingMemory_run-1_eeg.set,313.7,36781.20149195,X,3,36781,to_remember,6,show_letter,78.0,X
sub-010,ses-01,run-1,sub-010_ses-01_task-WorkingMemory_run-1_eeg.set,313.45,37158.1501978,G,3,37158,to_ignore,6,show_letter,79.0,gG
sub-010,ses-01,run-1,sub-010_ses-01_task-WorkingMemory_run-1_eeg.set,684.65,37535.098903649996,-,3,37535,work_memory,6,show_dash,80.0,WM
sub-010,ses-01,run-1,sub-010_ses-01_task-WorkingMemory_run-1_eeg.set,313.45,38283.221335175,V,3,38283,probe_target,6,show_letter,81.0,rV
sub-010,ses-01,run-1,sub-010_ses-01_task-WorkingMemory_run-1_eeg.set,0.0,38674.394992174995,n/a,3,38674,remembered_correct,6,right_click,82.0,1
sub-010,ses-01,run-1,sub-010_ses-01_task-WorkingMemory_run-1_eeg.set,0.0,38774.41964875,n/a,3,38774,feedback_correct,6,sound_beep,83.0,correct
sub-010,ses-01,run-1,sub-010_ses-01_task-WorkingMemory_run-1_eeg.set,0.0,39465.367276574994,n/a,3,39465,indicate_ready,6,right_click,84.0,1
sub-010,ses-01,run-1,sub-010_ses-01_task-WorkingMemory_run-1_eeg.set,1263.05,39483.0422159,+,3,39483,fixate,7,show_cross,85.0,nonWM
sub-010,ses-01,run-1,sub-010_ses-01_task-WorkingMemory_run-1_eeg.set,313.7,40809.3376624,J,3,40809,to_ignore,7,show_letter,86.0,gJ
sub-010,ses-01,run-1,sub-010_ses-01_task-WorkingMemory_run-1_eeg.set,313.7,41186.286368249996,Q,3,41186,to_ignore,7,show_letter,87.0,gQ
sub-010,ses-01,run-1,sub-010_ses-01_task-WorkingMemory_run-1_eeg.set,313.45,41563.235074100005,D,3,41563,to_remember,7,show_letter,88.0,D
sub-010,ses-01,run-1,sub-010_ses-01_task-WorkingMemory_run-1_eeg.set,313.45,41940.158780025,H,3,41940,to_remember,7,show_letter,89.0,H
sub-010,ses-01,run-1,sub-010_ses-01_task-WorkingMemory_run-1_eeg.set,313.425,42317.107485875,X,3,42317,to_ignore,7,show_letter,90.0,gX
sub-010,ses-01,run-1,sub-010_ses-01_task-WorkingMemory_run-1_eeg.set,313.45,42694.0561917,G,3,42694,to_remember,7,show_letter,91.0,G
sub-010,ses-01,run-1,sub-010_ses-01_task-WorkingMemory_run-1_eeg.set,313.7,43070.754898425,C,3,43071,to_ignore,7,show_letter,92.0,gC
sub-010,ses-01,run-1,sub-010_ses-01_task-WorkingMemory_run-1_eeg.set,313.7,43447.678604349996,W,3,43448,to_ignore,7,show_letter,93.0,gW
sub-010,ses-01,run-1,sub-010_ses-01_task-WorkingMemory_run-1_eeg.set,843.125,43824.627310200005,-,3,43825,work_memory,7,show_dash,94.0,WM
sub-010,ses-01,run-1,sub-010_ses-01_task-WorkingMemory_run-1_eeg.set,238.975,44730.974198475,D,3,44731,probe_target,7,show_letter,95.0,rD
sub-010,ses-01,run-1,sub-010_ses-01_task-WorkingMemory_run-1_eeg.set,0.0,44955.9484261,n/a,3,44956,remembered_correct,7,right_click,96.0,1
sub-010,ses-01,run-1,sub-010_ses-01_task-WorkingMemory_run-1_eeg.set,0.0,45055.973082674995,n/a,3,45056,feedback_correct,7,sound_beep,97.0,correct
sub-010,ses-01,run-1,sub-010_ses-01_task-WorkingMemory_run-1_eeg.set,0.0,45496.446570425,n/a,3,45496,indicate_ready,7,right_click,98.0,1
sub-010,ses-01,run-1,sub-010_ses-01_task-WorkingMemory_run-1_eeg.set,1263.05,45513.621511474994,+,5,45514,fixate,8,show_cross,99.0,nonWM
sub-010,ses-01,run-1,sub-010_ses-01_task-WorkingMemory_run-1_eeg.set,313.45,46840.166957125,K,5,46840,to_remember,8,show_letter,100.0,K
sub-010,ses-01,run-1,sub-010_ses-01_task-WorkingMemory_run-1_eeg.set,313.475,47217.090663049996,C,5,47217,to_ignore,8,show_letter,101.0,gC
sub-010,ses-01,run-1,sub-010_ses-01_task-WorkingMemory_run-1_eeg.set,313.7,47593.789369750004,J,5,47594,to_remember,8,show_letter,102.0,J
sub-010,ses-01,run-1,sub-010_ses-01_task-WorkingMemory_run-1_eeg.set,313.7,47970.7380756,Y,5,47971,to_ignore,8,show_letter,103.0,gY
sub-010,ses-01,run-1,sub-010_ses-01_task-WorkingMemory_run-1_eeg.set,313.7,48347.68678145,L,5,48348,to_remember,8,show_letter,104.0,L
sub-010,ses-01,run-1,sub-010_ses-01_task-WorkingMemory_run-1_eeg.set,313.7,48724.610487375,D,5,48725,to_remember,8,show_letter,105.0,D
sub-010,ses-01,run-1,sub-010_ses-01_task-WorkingMemory_run-1_eeg.set,313.7,49101.559193225,M,5,49102,to_remember,8,show_letter,106.0,M
sub-010,ses-01,run-1,sub-010_ses-01_task-WorkingMemory_run-1_eeg.set,313.7,49478.507899075,S,5,49479,to_ignore,8,show_letter,107.0,gS
sub-010,ses-01,run-1,sub-010_ses-01_task-WorkingMemory_run-1_eeg.set,523.675,49855.431605000005,-,5,49855,work_memory,8,show_dash,108.0,WM
sub-010,ses-01,run-1,sub-010_ses-01_task-WorkingMemory_run-1_eeg.set,313.7,50442.35458995,J,5,50442,probe_target,8,show_letter,109.0,rJ
sub-010,ses-01,run-1,sub-010_ses-01_task-WorkingMemory_run-1_eeg.set,0.0,50802.47835355,n/a,5,50802,remembered_correct,8,right_click,110.0,1
sub-010,ses-01,run-1,sub-010_ses-01_task-WorkingMemory_run-1_eeg.set,0.0,50902.50301015,n/a,5,50903,feedback_correct,8,sound_beep,111.0,correct
sub-010,ses-01,run-1,sub-010_ses-01_task-WorkingMemory_run-1_eeg.set,0.0,51329.776543224994,n/a,5,51330,indicate_ready,8,right_click,112.0,1
sub-010,ses-01,run-1,sub-010_ses-01_task-WorkingMemory_run-1_eeg.set,1263.325,51345.70148855,+,5,51346,fixate,9,show_cross,113.0,nonWM
sub-010,ses-01,run-1,sub-010_ses-01_task-WorkingMemory_run-1_eeg.set,313.725,52672.2469342,K,5,52672,to_remember,9,show_letter,114.0,K
sub-010,ses-01,run-1,sub-010_ses-01_task-WorkingMemory_run-1_eeg.set,313.7,53049.19564005,Z,5,53049,to_ignore,9,show_letter,115.0,gZ
sub-010,ses-01,run-1,sub-010_ses-01_task-WorkingMemory_run-1_eeg.set,313.45,53426.144345875,J,5,53426,to_remember,9,show_letter,116.0,J
sub-010,ses-01,run-1,sub-010_ses-01_task-WorkingMemory_run-1_eeg.set,313.45,53803.093051725,V,5,53803,to_remember,9,show_letter,117.0,V
sub-010,ses-01,run-1,sub-010_ses-01_task-WorkingMemory_run-1_eeg.set,313.45,54180.016757649995,R,5,54180,to_remember,9,show_letter,118.0,R
sub-010,ses-01,run-1,sub-010_ses-01_task-WorkingMemory_run-1_eeg.set,313.45,54556.965463500004,H,5,54557,to_ignore,9,show_letter,119.0,gH
sub-010,ses-01,run-1,sub-010_ses-01_task-WorkingMemory_run-1_eeg.set,313.75,54933.614170374996,M,5,54934,to_ignore,9,show_letter,120.0,gM
sub-010,ses-01,run-1,sub-010_ses-01_task-WorkingMemory_run-1_eeg.set,313.725,55310.58787615,S,5,55311,to_remember,9,show_letter,121.0,S
sub-010,ses-01,run-1,sub-010_ses-01_task-WorkingMemory_run-1_eeg.set,759.65,55687.536581975,-,5,55688,work_memory,9,show_dash,122.0,WM
sub-010,ses-01,run-1,sub-010_ses-01_task-WorkingMemory_run-1_eeg.set,281.975,56510.408756875,R,5,56510,probe_target,9,show_letter,123.0,rR
sub-010,ses-01,run-1,sub-010_ses-01_task-WorkingMemory_run-1_eeg.set,0.0,56780.732828775006,n/a,5,56781,remembered_correct,9,right_click,124.0,1
sub-010,ses-01,run-1,sub-010_ses-01_task-WorkingMemory_run-1_eeg.set,0.0,56880.782485275,n/a,5,56881,feedback_correct,9,sound_beep,125.0,correct
sub-010,ses-01,run-1,sub-010_ses-01_task-WorkingMemory_run-1_eeg.set,0.0,57294.856063675004,n/a,5,57295,indicate_ready,9,right_click,126.0,1
sub-010,ses-01,run-1,sub-010_ses-01_task-WorkingMemory_run-1_eeg.set,1263.075,57313.281000425006,+,5,57313,fixate,10,show_cross,127.0,nonWM
sub-010,ses-01,run-1,sub-010_ses-01_task-WorkingMemory_run-1_eeg.set,313.725,58639.576446925,S,5,58640,to_ignore,10,show_letter,128.0,gS
sub-010,ses-01,run-1,sub-010_ses-01_task-WorkingMemory_run-1_eeg.set,313.7,59016.525152775,C,5,59017,to_remember,10,show_letter,129.0,C
sub-010,ses-01,run-1,sub-010_ses-01_task-WorkingMemory_run-1_eeg.set,313.7,59393.473858625,G,5,59393,to_remember,10,show_letter,130.0,G
sub-010,ses-01,run-1,sub-010_ses-01_task-WorkingMemory_run-1_eeg.set,313.7,59770.42256445,P,5,59770,to_remember,10,show_letter,131.0,P
sub-010,ses-01,run-1,sub-010_ses-01_task-WorkingMemory_run-1_eeg.set,313.7,60147.346270400005,F,5,60147,to_ignore,10,show_letter,132.0,gF
sub-010,ses-01,run-1,sub-010_ses-01_task-WorkingMemory_run-1_eeg.set,313.7,60524.29497622501,M,5,60524,to_remember,10,show_letter,133.0,M
sub-010,ses-01,run-1,sub-010_ses-01_task-WorkingMemory_run-1_eeg.set,313.45,60901.243682075,J,5,60901,to_ignore,10,show_letter,134.0,gJ
sub-010,ses-01,run-1,sub-010_ses-01_task-WorkingMemory_run-1_eeg.set,313.7,61278.192387924995,L,5,61278,to_remember,10,show_letter,135.0,L
sub-010,ses-01,run-1,sub-010_ses-01_task-WorkingMemory_run-1_eeg.set,756.65,61655.11609385,-,5,61655,work_memory,10,show_dash,136.0,WM
sub-010,ses-01,run-1,sub-010_ses-01_task-WorkingMemory_run-1_eeg.set,218.725,62474.988279025,G,5,62475,probe_target,10,show_letter,137.0,rG
sub-010,ses-01,run-1,sub-010_ses-01_task-WorkingMemory_run-1_eeg.set,0.0,62679.9375754,n/a,5,62680,remembered_correct,10,right_click,138.0,1
sub-010,ses-01,run-1,sub-010_ses-01_task-WorkingMemory_run-1_eeg.set,0.0,62780.012231825,n/a,5,62780,feedback_correct,10,sound_beep,139.0,correct
sub-010,ses-01,run-1,sub-010_ses-01_task-WorkingMemory_run-1_eeg.set,0.0,63227.060697,n/a,5,63227,indicate_ready,10,right_click,140.0,1
sub-010,ses-01,run-1,sub-010_ses-01_task-WorkingMemory_run-1_eeg.set,1263.05,63243.38564095,+,5,63243,fixate,11,show_cross,141.0,nonWM
sub-010,ses-01,run-1,sub-010_ses-01_task-WorkingMemory_run-1_eeg.set,313.7,64569.68108745,M,5,64570,to_remember,11,show_letter,142.0,M
sub-010,ses-01,run-1,sub-010_ses-01_task-WorkingMemory_run-1_eeg.set,313.725,64946.604793374994,G,5,64947,to_ignore,11,show_letter,143.0,gG
sub-010,ses-01,run-1,sub-010_ses-01_task-WorkingMemory_run-1_eeg.set,313.7,65323.553499224996,L,5,65324,to_remember,11,show_letter,144.0,L
sub-010,ses-01,run-1,sub-010_ses-01_task-WorkingMemory_run-1_eeg.set,313.45,65700.50220507501,Z,5,65701,to_remember,11,show_letter,145.0,Z
sub-010,ses-01,run-1,sub-010_ses-01_task-WorkingMemory_run-1_eeg.set,313.475,66077.425911,B,5,66077,to_remember,11,show_letter,146.0,B
sub-010,ses-01,run-1,sub-010_ses-01_task-WorkingMemory_run-1_eeg.set,313.475,66454.34961695001,Y,5,66454,to_remember,11,show_letter,147.0,Y
sub-010,ses-01,run-1,sub-010_ses-01_task-WorkingMemory_run-1_eeg.set,313.45,66831.3233227,R,5,66831,to_ignore,11,show_letter,148.0,gR
sub-010,ses-01,run-1,sub-010_ses-01_task-WorkingMemory_run-1_eeg.set,313.7,67208.02202939999,C,5,67208,to_ignore,11,show_letter,149.0,gC
sub-010,ses-01,run-1,sub-010_ses-01_task-WorkingMemory_run-1_eeg.set,610.175,67584.945735325,-,5,67585,work_memory,11,show_dash,150.0,WM
sub-010,ses-01,run-1,sub-010_ses-01_task-WorkingMemory_run-1_eeg.set,281.975,68258.3434234,T,5,68258,probe_not_shown,11,show_letter,151.0,rT
sub-010,ses-01,run-1,sub-010_ses-01_task-WorkingMemory_run-1_eeg.set,0.0,68526.5175027,n/a,5,68527,ignored_correct,11,left_click,152.0,255
sub-010,ses-01,run-1,sub-010_ses-01_task-WorkingMemory_run-1_eeg.set,0.0,68626.542159275,n/a,5,68627,feedback_correct,11,sound_beep,153.0,correct
sub-010,ses-01,run-1,sub-010_ses-01_task-WorkingMemory_run-1_eeg.set,0.0,68987.9159186,n/a,5,68988,indicate_ready,11,right_click,154.0,1
sub-010,ses-01,run-1,sub-010_ses-01_task-WorkingMemory_run-1_eeg.set,1263.05,69006.490854825,+,5,69006,fixate,12,show_cross,155.0,nonWM
sub-010,ses-01,run-1,sub-010_ses-01_task-WorkingMemory_run-1_eeg.set,313.7,70332.786301325,L,5,70333,to_remember,12,show_letter,156.0,L
sub-010,ses-01,run-1,sub-010_ses-01_task-WorkingMemory_run-1_eeg.set,313.7,70709.735007175,G,5,70710,to_ignore,12,show_letter,157.0,gG
sub-010,ses-01,run-1,sub-010_ses-01_task-WorkingMemory_run-1_eeg.set,313.7,71086.6587131,Q,5,71087,to_remember,12,show_letter,158.0,Q
sub-010,ses-01,run-1,sub-010_ses-01_task-WorkingMemory_run-1_eeg.set,313.7,71463.60741895,F,5,71464,to_remember,12,show_letter,159.0,F
sub-010,ses-01,run-1,sub-010_ses-01_task-WorkingMemory_run-1_eeg.set,313.45,71840.5561248,Z,5,71841,to_remember,12,show_letter,160.0,Z
sub-010,ses-01,run-1,sub-010_ses-01_task-WorkingMemory_run-1_eeg.set,313.475,72217.479830725,T,5,72217,to_remember,12,show_letter,161.0,T
sub-010,ses-01,run-1,sub-010_ses-01_task-WorkingMemory_run-1_eeg.set,313.45,72594.42853657501,R,5,72594,to_ignore,12,show_letter,162.0,gR
sub-010,ses-01,run-1,sub-010_ses-01_task-WorkingMemory_run-1_eeg.set,313.45,72971.377242425,M,5,72971,to_ignore,12,show_letter,163.0,gM
sub-010,ses-01,run-1,sub-010_ses-01_task-WorkingMemory_run-1_eeg.set,932.35,73348.075949125,-,5,73348,work_memory,12,show_dash,164.0,WM
sub-010,ses-01,run-1,sub-010_ses-01_task-WorkingMemory_run-1_eeg.set,313.7,74343.672531,L,5,74344,probe_target,12,show_letter,165.0,rL
sub-010,ses-01,run-1,sub-010_ses-01_task-WorkingMemory_run-1_eeg.set,0.0,74696.02132130001,n/a,5,74696,remembered_correct,12,right_click,166.0,1
sub-010,ses-01,run-1,sub-010_ses-01_task-WorkingMemory_run-1_eeg.set,0.0,74796.04597790001,n/a,5,74796,feedback_correct,12,sound_beep,167.0,correct
sub-010,ses-01,run-1,sub-010_ses-01_task-WorkingMemory_run-1_eeg.set,0.0,75144.21978252499,n/a,5,75144,indicate_ready,12,right_click,168.0,1
sub-010,ses-01,run-1,sub-010_ses-01_task-WorkingMemory_run-1_eeg.set,1263.05,75160.794725625,+,5,75161,fixate,13,show_cross,169.0,nonWM
sub-010,ses-01,run-1,sub-010_ses-01_task-WorkingMemory_run-1_eeg.set,313.45,76487.340171275,D,5,76487,to_remember,13,show_letter,170.0,D
sub-010,ses-01,run-1,sub-010_ses-01_task-WorkingMemory_run-1_eeg.set,313.4,76864.288877125,C,5,76864,to_ignore,13,show_letter,171.0,gC
sub-010,ses-01,run-1,sub-010_ses-01_task-WorkingMemory_run-1_eeg.set,313.45,77241.21258305,L,5,77241,to_remember,13,show_letter,172.0,L
sub-010,ses-01,run-1,sub-010_ses-01_task-WorkingMemory_run-1_eeg.set,313.7,77617.91128975,S,5,77618,to_remember,13,show_letter,173.0,S
sub-010,ses-01,run-1,sub-010_ses-01_task-WorkingMemory_run-1_eeg.set,313.7,77994.85999560001,J,5,77995,to_remember,13,show_letter,174.0,J
sub-010,ses-01,run-1,sub-010_ses-01_task-WorkingMemory_run-1_eeg.set,313.7,78371.783701525,K,5,78372,to_ignore,13,show_letter,175.0,gK
sub-010,ses-01,run-1,sub-010_ses-01_task-WorkingMemory_run-1_eeg.set,313.7,78748.73240737499,H,5,78749,to_remember,13,show_letter,176.0,H
sub-010,ses-01,run-1,sub-010_ses-01_task-WorkingMemory_run-1_eeg.set,313.7,79125.681113225,V,5,79126,to_ignore,13,show_letter,177.0,gV
sub-010,ses-01,run-1,sub-010_ses-01_task-WorkingMemory_run-1_eeg.set,871.875,79502.60481915,-,5,79503,work_memory,13,show_dash,178.0,WM
sub-010,ses-01,run-1,sub-010_ses-01_task-WorkingMemory_run-1_eeg.set,281.95,80437.72660865,L,5,80438,probe_target,13,show_letter,179.0,rL
sub-010,ses-01,run-1,sub-010_ses-01_task-WorkingMemory_run-1_eeg.set,0.0,80707.350682975,n/a,5,80707,remembered_correct,13,right_click,180.0,1
sub-010,ses-01,run-1,sub-010_ses-01_task-WorkingMemory_run-1_eeg.set,0.0,80807.375339575,n/a,5,80807,feedback_correct,13,sound_beep,181.0,correct
sub-010,ses-01,run-1,sub-010_ses-01_task-WorkingMemory_run-1_eeg.set,0.0,81860.84672275001,n/a,5,81861,indicate_ready,13,right_click,182.0,1
sub-010,ses-01,run-1,sub-010_ses-01_task-WorkingMemory_run-1_eeg.set,1263.075,81879.246659575,+,3,81879,fixate,14,show_cross,183.0,nonWM
sub-010,ses-01,run-1,sub-010_ses-01_task-WorkingMemory_run-1_eeg.set,313.7,83205.542106075,S,3,83206,to_ignore,14,show_letter,184.0,gS
sub-010,ses-01,run-1,sub-010_ses-01_task-WorkingMemory_run-1_eeg.set,313.7,83582.49081192499,Z,3,83582,to_remember,14,show_letter,185.0,Z
sub-010,ses-01,run-1,sub-010_ses-01_task-WorkingMemory_run-1_eeg.set,313.725,83959.41451785,F,3,83959,to_remember,14,show_letter,186.0,F
sub-010,ses-01,run-1,sub-010_ses-01_task-WorkingMemory_run-1_eeg.set,313.725,84336.3632237,D,3,84336,to_ignore,14,show_letter,187.0,gD
sub-010,ses-01,run-1,sub-010_ses-01_task-WorkingMemory_run-1_eeg.set,313.7,84713.31192955,G,3,84713,to_ignore,14,show_letter,188.0,gG
sub-010,ses-01,run-1,sub-010_ses-01_task-WorkingMemory_run-1_eeg.set,313.7,85090.2606354,W,3,85090,to_remember,14,show_letter,189.0,W
sub-010,ses-01,run-1,sub-010_ses-01_task-WorkingMemory_run-1_eeg.set,313.7,85467.20934125001,V,3,85467,to_ignore,14,show_letter,190.0,gV
sub-010,ses-01,run-1,sub-010_ses-01_task-WorkingMemory_run-1_eeg.set,313.45,85844.133047175,Q,3,85844,to_ignore,14,show_letter,191.0,gQ
sub-010,ses-01,run-1,sub-010_ses-01_task-WorkingMemory_run-1_eeg.set,796.875,86221.081753025,-,3,86221,work_memory,14,show_dash,192.0,WM
sub-010,ses-01,run-1,sub-010_ses-01_task-WorkingMemory_run-1_eeg.set,302.2,87081.2038,L,3,87081,probe_not_shown,14,show_letter,193.0,rL
sub-010,ses-01,run-1,sub-010_ses-01_task-WorkingMemory_run-1_eeg.set,0.0,87371.2278043,n/a,3,87371,ignored_correct,14,left_click,194.0,255
sub-010,ses-01,run-1,sub-010_ses-01_task-WorkingMemory_run-1_eeg.set,0.0,87471.2774608,n/a,3,87471,feedback_correct,14,sound_beep,195.0,correct
sub-010,ses-01,run-1,sub-010_ses-01_task-WorkingMemory_run-1_eeg.set,0.0,87753.526491775,n/a,3,87754,indicate_ready,14,right_click,196.0,1
sub-010,ses-01,run-1,sub-010_ses-01_task-WorkingMemory_run-1_eeg.set,1263.05,87771.85142885,+,3,87772,fixate,15,show_cross,197.0,nonWM
sub-010,ses-01,run-1,sub-010_ses-01_task-WorkingMemory_run-1_eeg.set,313.7,89098.14687535001,D,3,89098,to_ignore,15,show_letter,198.0,gD
sub-010,ses-01,run-1,sub-010_ses-01_task-WorkingMemory_run-1_eeg.set,313.7,89475.0705813,M,3,89475,to_ignore,15,show_letter,199.0,gM
sub-010,ses-01,run-1,sub-010_ses-01_task-WorkingMemory_run-1_eeg.set,313.725,89851.99428722501,B,3,89852,to_ignore,15,show_letter,200.0,gB
sub-010,ses-01,run-1,sub-010_ses-01_task-WorkingMemory_run-1_eeg.set,313.7,90228.967992975,Y,3,90229,to_remember,15,show_letter,201.0,Y
sub-010,ses-01,run-1,sub-010_ses-01_task-WorkingMemory_run-1_eeg.set,313.7,90605.91669882499,H,3,90606,to_ignore,15,show_letter,202.0,gH
sub-010,ses-01,run-1,sub-010_ses-01_task-WorkingMemory_run-1_eeg.set,313.7,90982.84040475001,Q,3,90983,to_remember,15,show_letter,203.0,Q
sub-010,ses-01,run-1,sub-010_ses-01_task-WorkingMemory_run-1_eeg.set,313.7,91359.7891106,C,3,91360,to_remember,15,show_letter,204.0,C
sub-010,ses-01,run-1,sub-010_ses-01_task-WorkingMemory_run-1_eeg.set,313.7,91736.73781645,G,3,91737,to_ignore,15,show_letter,205.0,gG
sub-010,ses-01,run-1,sub-010_ses-01_task-WorkingMemory_run-1_eeg.set,851.625,92113.66152237501,-,3,92114,work_memory,15,show_dash,206.0,WM
sub-010,ses-01,run-1,sub-010_ses-01_task-WorkingMemory_run-1_eeg.set,313.7,93028.5333814,C,3,93029,probe_target,15,show_letter,207.0,rC
sub-010,ses-01,run-1,sub-010_ses-01_task-WorkingMemory_run-1_eeg.set,0.0,93382.582165875,n/a,3,93383,remembered_correct,15,right_click,208.0,1
sub-010,ses-01,run-1,sub-010_ses-01_task-WorkingMemory_run-1_eeg.set,0.0,93482.60682245,n/a,3,93483,feedback_correct,15,sound_beep,209.0,correct
sub-010,ses-01,run-1,sub-010_ses-01_task-WorkingMemory_run-1_eeg.set,0.0,93962.630174425,n/a,3,93963,indicate_ready,15,right_click,210.0,1
sub-010,ses-01,run-1,sub-010_ses-01_task-WorkingMemory_run-1_eeg.set,1263.325,93980.880111775,+,7,93981,fixate,16,show_cross,211.0,nonWM
sub-010,ses-01,run-1,sub-010_ses-01_task-WorkingMemory_run-1_eeg.set,313.45,95307.425557425,W,7,95307,to_remember,16,show_letter,212.0,W
sub-010,ses-01,run-1,sub-010_ses-01_task-WorkingMemory_run-1_eeg.set,313.45,95684.37426327499,K,7,95684,to_remember,16,show_letter,213.0,K
sub-010,ses-01,run-1,sub-010_ses-01_task-WorkingMemory_run-1_eeg.set,313.4,96061.3229691,M,7,96061,to_remember,16,show_letter,214.0,M
sub-010,ses-01,run-1,sub-010_ses-01_task-WorkingMemory_run-1_eeg.set,313.7,96437.99667590001,C,7,96438,to_remember,16,show_letter,215.0,C
sub-010,ses-01,run-1,sub-010_ses-01_task-WorkingMemory_run-1_eeg.set,313.7,96814.94538175,Q,7,96815,to_remember,16,show_letter,216.0,Q
sub-010,ses-01,run-1,sub-010_ses-01_task-WorkingMemory_run-1_eeg.set,313.7,97191.8940876,G,7,97192,to_ignore,16,show_letter,217.0,gG
sub-010,ses-01,run-1,sub-010_ses-01_task-WorkingMemory_run-1_eeg.set,313.7,97568.842793425,B,7,97569,to_remember,16,show_letter,218.0,B
sub-010,ses-01,run-1,sub-010_ses-01_task-WorkingMemory_run-1_eeg.set,313.7,97945.76649937501,T,7,97946,to_remember,16,show_letter,219.0,T
sub-010,ses-01,run-1,sub-010_ses-01_task-WorkingMemory_run-1_eeg.set,584.15,98322.71520519999,-,7,98323,work_memory,16,show_dash,220.0,WM
sub-010,ses-01,run-1,sub-010_ses-01_task-WorkingMemory_run-1_eeg.set,313.7,98970.11298255,B,7,98970,probe_target,16,show_letter,221.0,rB
sub-010,ses-01,run-1,sub-010_ses-01_task-WorkingMemory_run-1_eeg.set,0.0,99288.461889575,n/a,7,99288,remembered_correct,16,right_click,222.0,1
sub-010,ses-01,run-1,sub-010_ses-01_task-WorkingMemory_run-1_eeg.set,0.0,99388.51154607501,n/a,7,99389,feedback_correct,16,sound_beep,223.0,correct
sub-010,ses-01,run-1,sub-010_ses-01_task-WorkingMemory_run-1_eeg.set,0.0,100079.434173975,n/a,7,100079,indicate_ready,16,right_click,224.0,1
sub-010,ses-01,run-1,sub-010_ses-01_task-WorkingMemory_run-1_eeg.set,1263.05,100097.93411044999,+,7,100098,fixate,17,show_cross,225.0,nonWM
sub-010,ses-01,run-1,sub-010_ses-01_task-WorkingMemory_run-1_eeg.set,313.45,101424.4795561,C,7,101424,to_ignore,17,show_letter,226.0,gC
sub-010,ses-01,run-1,sub-010_ses-01_task-WorkingMemory_run-1_eeg.set,313.45,101801.42826195,Z,7,101801,to_remember,17,show_letter,227.0,Z
sub-010,ses-01,run-1,sub-010_ses-01_task-WorkingMemory_run-1_eeg.set,313.45,102178.3769678,L,7,102178,to_remember,17,show_letter,228.0,L
sub-010,ses-01,run-1,sub-010_ses-01_task-WorkingMemory_run-1_eeg.set,313.725,102555.0506746,K,7,102555,to_remember,17,show_letter,229.0,K
sub-010,ses-01,run-1,sub-010_ses-01_task-WorkingMemory_run-1_eeg.set,313.7,102931.99938042501,R,7,102932,to_remember,17,show_letter,230.0,R
sub-010,ses-01,run-1,sub-010_ses-01_task-WorkingMemory_run-1_eeg.set,313.7,103308.948086275,G,7,103309,to_remember,17,show_letter,231.0,G
sub-010,ses-01,run-1,sub-010_ses-01_task-WorkingMemory_run-1_eeg.set,313.7,103685.896792125,B,7,103686,to_remember,17,show_letter,232.0,B
sub-010,ses-01,run-1,sub-010_ses-01_task-WorkingMemory_run-1_eeg.set,313.7,104062.82049805,T,7,104063,to_remember,17,show_letter,233.0,T
sub-010,ses-01,run-1,sub-010_ses-01_task-WorkingMemory_run-1_eeg.set,529.425,104439.7692039,-,7,104440,work_memory,17,show_dash,234.0,WM
sub-010,ses-01,run-1,sub-010_ses-01_task-WorkingMemory_run-1_eeg.set,253.225,105032.4171692,Z,7,105032,probe_target,17,show_letter,235.0,rZ
sub-010,ses-01,run-1,sub-010_ses-01_task-WorkingMemory_run-1_eeg.set,0.0,105273.46634162501,n/a,7,105273,remembered_correct,17,right_click,236.0,1
sub-010,ses-01,run-1,sub-010_ses-01_task-WorkingMemory_run-1_eeg.set,0.0,105373.49099820001,n/a,7,105373,feedback_correct,17,sound_beep,237.0,correct
sub-010,ses-01,run-1,sub-010_ses-01_task-WorkingMemory_run-1_eeg.set,0.0,105781.014599075,n/a,7,105781,indicate_ready,17,right_click,238.0,1
sub-010,ses-01,run-1,sub-010_ses-01_task-WorkingMemory_run-1_eeg.set,1263.05,105797.8145414,+,7,105798,fixate,18,show_cross,239.0,nonWM
sub-010,ses-01,run-1,sub-010_ses-01_task-WorkingMemory_run-1_eeg.set,313.45,107124.35998704999,J,7,107124,to_remember,18,show_letter,240.0,J
sub-010,ses-01,run-1,sub-010_ses-01_task-WorkingMemory_run-1_eeg.set,313.725,107501.03369385,C,7,107501,to_remember,18,show_letter,241.0,C
sub-010,ses-01,run-1,sub-010_ses-01_task-WorkingMemory_run-1_eeg.set,313.7,107877.98239969999,F,7,107878,to_remember,18,show_letter,242.0,F
sub-010,ses-01,run-1,sub-010_ses-01_task-WorkingMemory_run-1_eeg.set,313.7,108254.931105525,M,7,108255,to_remember,18,show_letter,243.0,M
sub-010,ses-01,run-1,sub-010_ses-01_task-WorkingMemory_run-1_eeg.set,313.7,108631.879811375,L,7,108632,to_ignore,18,show_letter,244.0,gL
sub-010,ses-01,run-1,sub-010_ses-01_task-WorkingMemory_run-1_eeg.set,313.7,109008.82851722499,K,7,109009,to_remember,18,show_letter,245.0,K
sub-010,ses-01,run-1,sub-010_ses-01_task-WorkingMemory_run-1_eeg.set,313.7,109385.75222315,Q,7,109386,to_remember,18,show_letter,246.0,Q
sub-010,ses-01,run-1,sub-010_ses-01_task-WorkingMemory_run-1_eeg.set,313.725,109762.67592909999,W,7,109763,to_remember,18,show_letter,247.0,W
sub-010,ses-01,run-1,sub-010_ses-01_task-WorkingMemory_run-1_eeg.set,575.4,110139.64963485,-,7,110140,work_memory,18,show_dash,248.0,WM
sub-010,ses-01,run-1,sub-010_ses-01_task-WorkingMemory_run-1_eeg.set,256.2,110778.29744222501,B,7,110778,probe_not_shown,18,show_letter,249.0,rB
sub-010,ses-01,run-1,sub-010_ses-01_task-WorkingMemory_run-1_eeg.set,0.0,111021.17160837499,n/a,7,111021,ignored_correct,18,left_click,250.0,255
sub-010,ses-01,run-1,sub-010_ses-01_task-WorkingMemory_run-1_eeg.set,0.0,111121.19626497499,n/a,7,111121,feedback_correct,18,sound_beep,251.0,correct
sub-010,ses-01,run-1,sub-010_ses-01_task-WorkingMemory_run-1_eeg.set,0.0,111555.069775375,n/a,7,111555,indicate_ready,18,right_click,252.0,1
sub-010,ses-01,run-1,sub-010_ses-01_task-WorkingMemory_run-1_eeg.set,1263.05,111572.4197158,+,7,111572,fixate,19,show_cross,253.0,nonWM
sub-010,ses-01,run-1,sub-010_ses-01_task-WorkingMemory_run-1_eeg.set,313.45,112898.96516145,T,7,112899,to_remember,19,show_letter,254.0,T
sub-010,ses-01,run-1,sub-010_ses-01_task-WorkingMemory_run-1_eeg.set,313.45,113275.9138673,H,7,113276,to_ignore,19,show_letter,255.0,gH
sub-010,ses-01,run-1,sub-010_ses-01_task-WorkingMemory_run-1_eeg.set,313.475,113652.837573225,X,7,113653,to_remember,19,show_letter,256.0,X
sub-010,ses-01,run-1,sub-010_ses-01_task-WorkingMemory_run-1_eeg.set,313.7,114029.536279925,S,7,114030,to_remember,19,show_letter,257.0,S
sub-010,ses-01,run-1,sub-010_ses-01_task-WorkingMemory_run-1_eeg.set,313.7,114406.48498577501,W,7,114406,to_remember,19,show_letter,258.0,W
sub-010,ses-01,run-1,sub-010_ses-01_task-WorkingMemory_run-1_eeg.set,313.7,114783.433691625,Q,7,114783,to_remember,19,show_letter,259.0,Q
sub-010,ses-01,run-1,sub-010_ses-01_task-WorkingMemory_run-1_eeg.set,313.7,115160.35739754999,K,7,115160,to_remember,19,show_letter,260.0,K
sub-010,ses-01,run-1,sub-010_ses-01_task-WorkingMemory_run-1_eeg.set,313.7,115537.3061034,D,7,115537,to_remember,19,show_letter,261.0,D
sub-010,ses-01,run-1,sub-010_ses-01_task-WorkingMemory_run-1_eeg.set,589.925,115914.20480942499,-,7,115914,work_memory,19,show_dash,262.0,WM
sub-010,ses-01,run-1,sub-010_ses-01_task-WorkingMemory_run-1_eeg.set,221.45,116567.40256682501,F,7,116567,probe_not_shown,19,show_letter,263.0,rF
sub-010,ses-01,run-1,sub-010_ses-01_task-WorkingMemory_run-1_eeg.set,0.0,116775.45185255,n/a,7,116775,ignored_correct,19,left_click,264.0,255
sub-010,ses-01,run-1,sub-010_ses-01_task-WorkingMemory_run-1_eeg.set,0.0,116875.50150905001,n/a,7,116876,feedback_correct,19,sound_beep,265.0,correct
sub-010,ses-01,run-1,sub-010_ses-01_task-WorkingMemory_run-1_eeg.set,0.0,117170.95049470001,n/a,7,117171,indicate_ready,19,right_click,266.0,1
sub-010,ses-01,run-1,sub-010_ses-01_task-WorkingMemory_run-1_eeg.set,1263.05,117188.800433425,+,3,117189,fixate,20,show_cross,267.0,nonWM
sub-010,ses-01,run-1,sub-010_ses-01_task-WorkingMemory_run-1_eeg.set,313.45,118515.345879075,D,3,118515,to_ignore,20,show_letter,268.0,gD
sub-010,ses-01,run-1,sub-010_ses-01_task-WorkingMemory_run-1_eeg.set,313.45,118892.29458492501,Y,3,118892,to_remember,20,show_letter,269.0,Y
sub-010,ses-01,run-1,sub-010_ses-01_task-WorkingMemory_run-1_eeg.set,313.475,119269.21829085,T,3,119269,to_ignore,20,show_letter,270.0,gT
sub-010,ses-01,run-1,sub-010_ses-01_task-WorkingMemory_run-1_eeg.set,313.7,119645.91699755,J,3,119646,to_ignore,20,show_letter,271.0,gJ
sub-010,ses-01,run-1,sub-010_ses-01_task-WorkingMemory_run-1_eeg.set,313.7,120022.86570339999,M,3,120023,to_ignore,20,show_letter,272.0,gM
sub-010,ses-01,run-1,sub-010_ses-01_task-WorkingMemory_run-1_eeg.set,313.7,120399.81440925,K,3,120400,to_remember,20,show_letter,273.0,K
sub-010,ses-01,run-1,sub-010_ses-01_task-WorkingMemory_run-1_eeg.set,313.7,120776.738115175,B,3,120777,to_remember,20,show_letter,274.0,B
sub-010,ses-01,run-1,sub-010_ses-01_task-WorkingMemory_run-1_eeg.set,313.7,121153.686821025,F,3,121154,to_ignore,20,show_letter,275.0,gF
sub-010,ses-01,run-1,sub-010_ses-01_task-WorkingMemory_run-1_eeg.set,820.125,121530.635526875,-,3,121531,work_memory,20,show_dash,276.0,WM
sub-010,ses-01,run-1,sub-010_ses-01_task-WorkingMemory_run-1_eeg.set,195.7,122414.00749405,B,3,122414,probe_target,20,show_letter,277.0,rB
sub-010,ses-01,run-1,sub-010_ses-01_task-WorkingMemory_run-1_eeg.set,0.0,122595.68187029999,n/a,3,122596,remembered_correct,20,right_click,278.0,1
sub-010,ses-01,run-1,sub-010_ses-01_task-WorkingMemory_run-1_eeg.set,0.0,122695.7065269,n/a,3,122696,feedback_correct,20,sound_beep,279.0,correct
sub-010,ses-01,run-1,sub-010_ses-01_task-WorkingMemory_run-1_eeg.set,0.0,123373.45420002501,n/a,3,123373,indicate_ready,20,right_click,280.0,1
sub-010,ses-01,run-1,sub-010_ses-01_task-WorkingMemory_run-1_eeg.set,1263.05,123392.35413515,+,7,123392,fixate,21,show_cross,281.0,nonWM
sub-010,ses-01,run-1,sub-010_ses-01_task-WorkingMemory_run-1_eeg.set,313.7,124718.64958165,X,7,124719,to_ignore,21,show_letter,282.0,gX
sub-010,ses-01,run-1,sub-010_ses-01_task-WorkingMemory_run-1_eeg.set,313.7,125095.573287575,J,7,125096,to_remember,21,show_letter,283.0,J
sub-010,ses-01,run-1,sub-010_ses-01_task-WorkingMemory_run-1_eeg.set,313.45,125472.521993425,N,7,125473,to_remember,21,show_letter,284.0,N
sub-010,ses-01,run-1,sub-010_ses-01_task-WorkingMemory_run-1_eeg.set,313.45,125849.470699275,R,7,125849,to_remember,21,show_letter,285.0,R
sub-010,ses-01,run-1,sub-010_ses-01_task-WorkingMemory_run-1_eeg.set,313.475,126226.3694053,S,7,126226,to_remember,21,show_letter,286.0,S
sub-010,ses-01,run-1,sub-010_ses-01_task-WorkingMemory_run-1_eeg.set,313.45,126603.34311105001,V,7,126603,to_remember,21,show_letter,287.0,V
sub-010,ses-01,run-1,sub-010_ses-01_task-WorkingMemory_run-1_eeg.set,313.7,126980.04181775,Y,7,126980,to_remember,21,show_letter,288.0,Y
sub-010,ses-01,run-1,sub-010_ses-01_task-WorkingMemory_run-1_eeg.set,313.7,127356.9905236,H,7,127357,to_remember,21,show_letter,289.0,H
sub-010,ses-01,run-1,sub-010_ses-01_task-WorkingMemory_run-1_eeg.set,540.925,127733.91422952499,-,7,127734,work_memory,21,show_dash,290.0,WM
sub-010,ses-01,run-1,sub-010_ses-01_task-WorkingMemory_run-1_eeg.set,267.45,128338.3371544,C,7,128338,probe_not_shown,21,show_letter,291.0,rC
sub-010,ses-01,run-1,sub-010_ses-01_task-WorkingMemory_run-1_eeg.set,0.0,128593.86127712499,n/a,7,128594,ignored_correct,21,left_click,292.0,255
sub-010,ses-01,run-1,sub-010_ses-01_task-WorkingMemory_run-1_eeg.set,0.0,128693.88593372499,n/a,7,128694,feedback_correct,21,sound_beep,293.0,correct
sub-010,ses-01,run-1,sub-010_ses-01_task-WorkingMemory_run-1_eeg.set,0.0,128982.75994195,n/a,7,128983,indicate_ready,21,right_click,294.0,1
sub-010,ses-01,run-1,sub-010_ses-01_task-WorkingMemory_run-1_eeg.set,1263.05,128999.98488279998,+,7,129000,fixate,22,show_cross,295.0,nonWM
sub-010,ses-01,run-1,sub-010_ses-01_task-WorkingMemory_run-1_eeg.set,313.7,130326.28032932502,W,7,130326,to_remember,22,show_letter,296.0,W
sub-010,ses-01,run-1,sub-010_ses-01_task-WorkingMemory_run-1_eeg.set,313.725,130703.179035325,T,7,130703,to_ignore,22,show_letter,297.0,gT
sub-010,ses-01,run-1,sub-010_ses-01_task-WorkingMemory_run-1_eeg.set,313.7,131080.1527411,M,7,131080,to_remember,22,show_letter,298.0,M
sub-010,ses-01,run-1,sub-010_ses-01_task-WorkingMemory_run-1_eeg.set,313.7,131457.101446925,P,7,131457,to_remember,22,show_letter,299.0,P
sub-010,ses-01,run-1,sub-010_ses-01_task-WorkingMemory_run-1_eeg.set,313.7,131834.050152775,G,7,131834,to_remember,22,show_letter,300.0,G
sub-010,ses-01,run-1,sub-010_ses-01_task-WorkingMemory_run-1_eeg.set,313.725,132210.97385870002,H,7,132211,to_remember,22,show_letter,301.0,H
sub-010,ses-01,run-1,sub-010_ses-01_task-WorkingMemory_run-1_eeg.set,313.7,132587.92256455,Z,7,132588,to_remember,22,show_letter,302.0,Z
sub-010,ses-01,run-1,sub-010_ses-01_task-WorkingMemory_run-1_eeg.set,313.7,132964.8712704,N,7,132965,to_remember,22,show_letter,303.0,N
sub-010,ses-01,run-1,sub-010_ses-01_task-WorkingMemory_run-1_eeg.set,776.9,133341.79497632498,-,7,133342,work_memory,22,show_dash,304.0,WM
sub-010,ses-01,run-1,sub-010_ses-01_task-WorkingMemory_run-1_eeg.set,313.725,134181.917092,M,7,134182,probe_target,22,show_letter,305.0,rM
sub-010,ses-01,run-1,sub-010_ses-01_task-WorkingMemory_run-1_eeg.set,0.0,134730.440208775,n/a,7,134730,ignored_incorrect,22,left_click,306.0,255
sub-010,ses-01,run-1,sub-010_ses-01_task-WorkingMemory_run-1_eeg.set,0.0,134830.464865375,n/a,7,134830,feedback_incorrect,22,sound_buzz,307.0,wrong
sub-010,ses-01,run-1,sub-010_ses-01_task-WorkingMemory_run-1_eeg.set,0.0,136154.185320725,n/a,7,136154,indicate_ready,22,right_click,308.0,1
sub-010,ses-01,run-1,sub-010_ses-01_task-WorkingMemory_run-1_eeg.set,1263.05,136170.13526595,+,5,136170,fixate,23,show_cross,309.0,nonWM
sub-010,ses-01,run-1,sub-010_ses-01_task-WorkingMemory_run-1_eeg.set,313.7,137496.430712475,B,5,137496,to_ignore,23,show_letter,310.0,gB
sub-010,ses-01,run-1,sub-010_ses-01_task-WorkingMemory_run-1_eeg.set,313.675,137873.3544184,H,5,137873,to_ignore,23,show_letter,311.0,gH
sub-010,ses-01,run-1,sub-010_ses-01_task-WorkingMemory_run-1_eeg.set,313.7,138250.30312425,D,5,138250,to_remember,23,show_letter,312.0,D
sub-010,ses-01,run-1,sub-010_ses-01_task-WorkingMemory_run-1_eeg.set,313.7,138627.2518301,R,5,138627,to_remember,23,show_letter,313.0,R
sub-010,ses-01,run-1,sub-010_ses-01_task-WorkingMemory_run-1_eeg.set,313.7,139004.175536025,N,5,139004,to_remember,23,show_letter,314.0,N
sub-010,ses-01,run-1,sub-010_ses-01_task-WorkingMemory_run-1_eeg.set,313.7,139381.124241875,Z,5,139381,to_remember,23,show_letter,315.0,Z
sub-010,ses-01,run-1,sub-010_ses-01_task-WorkingMemory_run-1_eeg.set,313.7,139758.0729477,V,5,139758,to_remember,23,show_letter,316.0,V
sub-010,ses-01,run-1,sub-010_ses-01_task-WorkingMemory_run-1_eeg.set,313.45,140135.02165355,L,5,140135,to_ignore,23,show_letter,317.0,gL
sub-010,ses-01,run-1,sub-010_ses-01_task-WorkingMemory_run-1_eeg.set,759.4,140511.9453595,-,5,140512,work_memory,23,show_dash,318.0,WM
sub-010,ses-01,run-1,sub-010_ses-01_task-WorkingMemory_run-1_eeg.set,264.725,141334.81753437498,R,5,141335,probe_target,23,show_letter,319.0,rR
sub-010,ses-01,run-1,sub-010_ses-01_task-WorkingMemory_run-1_eeg.set,0.0,141585.49167375,n/a,5,141585,remembered_correct,23,right_click,320.0,1
sub-010,ses-01,run-1,sub-010_ses-01_task-WorkingMemory_run-1_eeg.set,0.0,141685.54133025,n/a,5,141686,feedback_correct,23,sound_beep,321.0,correct
sub-010,ses-01,run-1,sub-010_ses-01_task-WorkingMemory_run-1_eeg.set,0.0,142191.91459174998,n/a,5,142192,indicate_ready,23,left_click,322.0,255
sub-010,ses-01,run-1,sub-010_ses-01_task-WorkingMemory_run-1_eeg.set,1263.025,142209.43953157502,+,3,142209,fixate,24,show_cross,323.0,nonWM
sub-010,ses-01,run-1,sub-010_ses-01_task-WorkingMemory_run-1_eeg.set,313.7,143535.7349781,F,3,143536,to_ignore,24,show_letter,324.0,gF
sub-010,ses-01,run-1,sub-010_ses-01_task-WorkingMemory_run-1_eeg.set,313.7,143912.68368395,B,3,143913,to_ignore,24,show_letter,325.0,gB
sub-010,ses-01,run-1,sub-010_ses-01_task-WorkingMemory_run-1_eeg.set,313.7,144289.60738987502,C,3,144290,to_ignore,24,show_letter,326.0,gC
sub-010,ses-01,run-1,sub-010_ses-01_task-WorkingMemory_run-1_eeg.set,313.7,144666.556095725,R,3,144667,to_remember,24,show_letter,327.0,R
sub-010,ses-01,run-1,sub-010_ses-01_task-WorkingMemory_run-1_eeg.set,313.7,145043.50480155,M,3,145044,to_remember,24,show_letter,328.0,M
sub-010,ses-01,run-1,sub-010_ses-01_task-WorkingMemory_run-1_eeg.set,313.7,145420.4535074,J,3,145420,to_ignore,24,show_letter,329.0,gJ
sub-010,ses-01,run-1,sub-010_ses-01_task-WorkingMemory_run-1_eeg.set,313.725,145797.377213325,H,3,145797,to_ignore,24,show_letter,330.0,gH
sub-010,ses-01,run-1,sub-010_ses-01_task-WorkingMemory_run-1_eeg.set,313.7,146174.325919175,T,3,146174,to_remember,24,show_letter,331.0,T
sub-010,ses-01,run-1,sub-010_ses-01_task-WorkingMemory_run-1_eeg.set,586.9,146551.274625025,-,3,146551,work_memory,24,show_dash,332.0,WM
sub-010,ses-01,run-1,sub-010_ses-01_task-WorkingMemory_run-1_eeg.set,296.45,147201.4223929,S,3,147201,probe_not_shown,24,show_letter,333.0,rS
sub-010,ses-01,run-1,sub-010_ses-01_task-WorkingMemory_run-1_eeg.set,0.0,147484.796420025,n/a,3,147485,ignored_correct,24,left_click,334.0,255
sub-010,ses-01,run-1,sub-010_ses-01_task-WorkingMemory_run-1_eeg.set,0.0,147584.8210766,n/a,3,147585,feedback_correct,24,sound_beep,335.0,correct
sub-010,ses-01,run-1,sub-010_ses-01_task-WorkingMemory_run-1_eeg.set,0.0,147926.419903825,n/a,3,147926,indicate_ready,24,right_click,336.0,1
sub-010,ses-01,run-1,sub-010_ses-01_task-WorkingMemory_run-1_eeg.set,1263.075,147943.79484417502,+,5,147944,fixate,25,show_cross,337.0,nonWM
sub-010,ses-01,run-1,sub-010_ses-01_task-WorkingMemory_run-1_eeg.set,313.7,149270.11529060002,K,5,149270,to_remember,25,show_letter,338.0,K
sub-010,ses-01,run-1,sub-010_ses-01_task-WorkingMemory_run-1_eeg.set,313.7,149647.038996525,W,5,149647,to_ignore,25,show_letter,339.0,gW
sub-010,ses-01,run-1,sub-010_ses-01_task-WorkingMemory_run-1_eeg.set,313.7,150023.987702375,Z,5,150024,to_remember,25,show_letter,340.0,Z
sub-010,ses-01,run-1,sub-010_ses-01_task-WorkingMemory_run-1_eeg.set,313.7,150400.93640822498,Q,5,150401,to_ignore,25,show_letter,341.0,gQ
sub-010,ses-01,run-1,sub-010_ses-01_task-WorkingMemory_run-1_eeg.set,313.7,150777.86011415,D,5,150778,to_remember,25,show_letter,342.0,D
sub-010,ses-01,run-1,sub-010_ses-01_task-WorkingMemory_run-1_eeg.set,313.7,151154.80882,C,5,151155,to_remember,25,show_letter,343.0,C
sub-010,ses-01,run-1,sub-010_ses-01_task-WorkingMemory_run-1_eeg.set,313.7,151531.757525825,M,5,151532,to_ignore,25,show_letter,344.0,gM
sub-010,ses-01,run-1,sub-010_ses-01_task-WorkingMemory_run-1_eeg.set,313.7,151908.706231675,P,5,151909,to_remember,25,show_letter,345.0,P
sub-010,ses-01,run-1,sub-010_ses-01_task-WorkingMemory_run-1_eeg.set,604.175,152285.6299376,-,5,152286,work_memory,25,show_dash,346.0,WM
sub-010,ses-01,run-1,sub-010_ses-01_task-WorkingMemory_run-1_eeg.set,247.475,152953.027646275,J,5,152953,probe_not_shown,25,show_letter,347.0,rJ
sub-010,ses-01,run-1,sub-010_ses-01_task-WorkingMemory_run-1_eeg.set,0.0,153186.3268453,n/a,5,153186,ignored_correct,25,left_click,348.0,255
sub-010,ses-01,run-1,sub-010_ses-01_task-WorkingMemory_run-1_eeg.set,0.0,153286.3765018,n/a,5,153286,feedback_correct,25,sound_beep,349.0,correct
sub-010,ses-01,run-1,sub-010_ses-01_task-WorkingMemory_run-1_eeg.set,0.0,153601.600419575,n/a,5,153602,indicate_ready,25,right_click,350.0,1
