file,subject,run,channels_total,eeg_channels,eog_channels,sampling_rate,duration_seconds,events,nan_count,inf_count,median_eeg_std,max_eeg_std,high_variance_eeg,low_variance_eeg,status,error
sub-001_ses-01_task-WorkingMemory_run-1_eeg.set,sub-001,1,71,69,2,250.0,652.952,350,0,0,34.714725494384766,177.9087677001953,0,0,PASS,
sub-001_ses-01_task-WorkingMemory_run-2_eeg.set,sub-001,2,71,69,2,250.0,615.048,350,0,0,28.173593521118164,51.96192932128906,0,0,PASS,
sub-002_ses-01_task-WorkingMemory_run-1_eeg.set,sub-002,1,71,69,2,250.0,724.484,350,0,0,38.455535888671875,107.20585632324219,0,0,PASS,
sub-002_ses-01_task-WorkingMemory_run-2_eeg.set,sub-002,2,71,69,2,250.0,762.98,350,0,0,46.81189727783203,137.22760009765625,0,0,PASS,
sub-002_ses-01_task-WorkingMemory_run-3_eeg.set,sub-002,3,71,69,2,250.0,764.904,350,0,0,51.4353141784668,132.52471923828125,0,0,PASS,
sub-002_ses-01_task-WorkingMemory_run-4_eeg.set,sub-002,4,71,69,2,250.0,725.416,350,0,0,45.404319763183594,144.05877685546875,0,0,PASS,
sub-003_ses-01_task-WorkingMemory_run-1_eeg.set,sub-003,1,71,69,2,250.0,727.164,350,0,0,33.73078155517578,86.53317260742188,0,0,PASS,
sub-003_ses-01_task-WorkingMemory_run-2_eeg.set,sub-003,2,71,69,2,250.0,783.996,350,0,0,80.00846099853516,119.27203369140625,0,0,PASS,
sub-003_ses-01_task-WorkingMemory_run-3_eeg.set,sub-003,3,71,69,2,250.0,784.34,351,0,0,66.05200958251953,94.92056274414062,0,0,PASS,
sub-003_ses-01_task-WorkingMemory_run-4_eeg.set,sub-003,4,71,69,2,250.0,672.884,350,0,0,78.52047729492188,89.61923217773438,0,0,PASS,
sub-004_ses-01_task-WorkingMemory_run-1_eeg.set,sub-004,1,71,69,2,250.0,673.052,350,0,0,212.1916046142578,229.592529296875,0,0,PASS,
sub-004_ses-01_task-WorkingMemory_run-2_eeg.set,sub-004,2,71,69,2,250.0,736.284,340,0,0,457.835693359375,462.56329345703125,0,0,PASS,
sub-004_ses-01_task-WorkingMemory_run-3_eeg.set,sub-004,3,71,69,2,250.0,634.688,350,0,0,49.07680130004883,116.19429779052734,0,0,PASS,
sub-004_ses-01_task-WorkingMemory_run-4_eeg.set,sub-004,4,71,69,2,250.0,660.864,352,0,0,131.35328674316406,144.88824462890625,0,0,PASS,
sub-005_ses-01_task-WorkingMemory_run-1_eeg.set,sub-005,1,71,69,2,250.0,599.324,325,0,0,32.134559631347656,48.662166595458984,0,0,PASS,
sub-005_ses-01_task-WorkingMemory_run-2_eeg.set,sub-005,2,71,69,2,250.0,613.916,325,0,0,19.704435348510742,52.972782135009766,0,0,PASS,
sub-005_ses-01_task-WorkingMemory_run-3_eeg.set,sub-005,3,71,69,2,250.0,619.128,325,0,0,19.715124130249023,37.516693115234375,0,0,PASS,
sub-005_ses-01_task-WorkingMemory_run-4_eeg.set,sub-005,4,71,69,2,250.0,608.168,325,0,0,16.798376083374023,35.63003921508789,0,0,PASS,
sub-006_ses-01_task-WorkingMemory_run-1_eeg.set,sub-006,1,71,69,2,250.0,696.188,310,0,0,23.343753814697266,97.38886260986328,0,0,PASS,
sub-006_ses-01_task-WorkingMemory_run-2_eeg.set,sub-006,2,71,69,2,250.0,575.532,350,0,0,24.216609954833984,117.88906860351562,0,0,PASS,
sub-006_ses-01_task-WorkingMemory_run-3_eeg.set,sub-006,3,71,69,2,250.0,557.676,349,0,0,24.336406707763672,129.04510498046875,0,0,PASS,
sub-006_ses-01_task-WorkingMemory_run-4_eeg.set,sub-006,4,71,69,2,250.0,560.676,350,0,0,25.433443069458008,136.52157592773438,0,0,PASS,
sub-007_ses-01_task-WorkingMemory_run-1_eeg.set,sub-007,1,71,69,2,250.0,603.948,349,0,0,26.335878372192383,68.06900024414062,0,0,PASS,
sub-007_ses-01_task-WorkingMemory_run-2_eeg.set,sub-007,2,71,69,2,250.0,557.3,346,0,0,27.836790084838867,69.78707122802734,0,0,PASS,
sub-007_ses-01_task-WorkingMemory_run-3_eeg.set,sub-007,3,71,69,2,250.0,581.968,348,0,0,32.53636932373047,98.1763687133789,0,0,PASS,
sub-007_ses-01_task-WorkingMemory_run-4_eeg.set,sub-007,4,71,69,2,250.0,601.46,348,0,0,29.209190368652344,158.50289916992188,0,0,PASS,
sub-008_ses-01_task-WorkingMemory_run-1_eeg.set,sub-008,1,71,69,2,250.0,614.336,340,0,0,18.750192642211914,46.592071533203125,0,0,PASS,
sub-008_ses-01_task-WorkingMemory_run-2_eeg.set,sub-008,2,71,69,2,250.0,875.644,350,0,0,34.778175354003906,56.09063720703125,0,0,PASS,
sub-008_ses-01_task-WorkingMemory_run-3_eeg.set,sub-008,3,71,69,2,250.0,757.896,350,0,0,42.92543029785156,70.2825927734375,0,0,PASS,
sub-008_ses-01_task-WorkingMemory_run-4_eeg.set,sub-008,4,71,69,2,250.0,1319.592,350,0,0,68.30653381347656,87.61448669433594,0,0,PASS,
sub-009_ses-01_task-WorkingMemory_run-1_eeg.set,sub-009,1,71,69,2,250.0,615.884,350,0,0,18.75277328491211,43.64189910888672,0,0,PASS,
sub-009_ses-01_task-WorkingMemory_run-2_eeg.set,sub-009,2,71,69,2,250.0,628.78,350,0,0,52.08562469482422,63.443748474121094,0,0,PASS,
sub-009_ses-01_task-WorkingMemory_run-3_eeg.set,sub-009,3,71,69,2,250.0,624.812,350,0,0,21.5416316986084,42.309871673583984,0,0,PASS,
sub-009_ses-01_task-WorkingMemory_run-4_eeg.set,sub-009,4,71,69,2,250.0,637.028,351,0,0,14.80850601196289,24.107927322387695,0,0,PASS,
sub-010_ses-01_task-WorkingMemory_run-1_eeg.set,sub-010,1,71,69,2,250.0,619.508,350,0,0,15.729490280151367,39.37432098388672,0,0,PASS,
sub-010_ses-01_task-WorkingMemory_run-2_eeg.set,sub-010,2,71,69,2,250.0,593.304,350,0,0,16.400819778442383,59.83761978149414,0,0,PASS,
sub-010_ses-01_task-WorkingMemory_run-3_eeg.set,sub-010,3,71,69,2,250.0,594.284,350,0,0,14.216623306274414,61.21840286254883,0,0,PASS,
sub-010_ses-01_task-WorkingMemory_run-4_eeg.set,sub-010,4,71,69,2,250.0,591.84,350,0,0,17.152740478515625,67.37773895263672,0,0,PASS,
sub-011_ses-01_task-WorkingMemory_run-1_eeg.set,sub-011,1,71,69,2,250.0,751.388,350,0,0,11.773250579833984,18.431516647338867,0,0,PASS,
sub-011_ses-01_task-WorkingMemory_run-2_eeg.set,sub-011,2,71,69,2,250.0,766.588,350,0,0,13.42265510559082,23.62579917907715,0,0,PASS,
sub-011_ses-01_task-WorkingMemory_run-3_eeg.set,sub-011,3,71,69,2,250.0,850.524,350,0,0,13.333643913269043,26.0711727142334,0,0,PASS,
sub-011_ses-01_task-WorkingMemory_run-4_eeg.set,sub-011,4,71,69,2,250.0,813.804,350,0,0,16.803630828857422,30.82047462463379,0,0,PASS,
sub-012_ses-01_task-WorkingMemory_run-1_eeg.set,sub-012,1,71,69,2,250.0,545.996,350,0,0,28.777894973754883,136.9051055908203,0,0,PASS,
sub-012_ses-01_task-WorkingMemory_run-2_eeg.set,sub-012,2,71,69,2,250.0,563.74,350,0,0,30.120521545410156,117.53162384033203,0,0,PASS,
sub-012_ses-01_task-WorkingMemory_run-3_eeg.set,sub-012,3,71,69,2,250.0,558.196,350,0,0,33.301002502441406,152.58053588867188,0,0,PASS,
sub-014_ses-01_task-WorkingMemory_run-1_eeg.set,sub-014,1,71,69,2,1000.0,588.801,340,0,0,21.6120548248291,181.24095153808594,0,0,PASS,
sub-014_ses-01_task-WorkingMemory_run-2_eeg.set,sub-014,2,71,69,2,1000.0,606.465,337,0,0,29.927053451538086,76.73158264160156,0,0,PASS,
sub-014_ses-01_task-WorkingMemory_run-3_eeg.set,sub-014,3,71,69,2,1000.0,595.967,340,0,0,23.76130485534668,56.345123291015625,0,0,PASS,
sub-015_ses-01_task-WorkingMemory_run-1_eeg.set,sub-015,1,71,69,2,500.0,599.04,350,0,0,13.908210754394531,60.92432403564453,0,0,PASS,
sub-015_ses-01_task-WorkingMemory_run-2_eeg.set,sub-015,2,71,69,2,500.0,563.202,350,0,0,12.463205337524414,60.91788101196289,0,0,PASS,
sub-015_ses-01_task-WorkingMemory_run-3_eeg.set,sub-015,3,71,69,2,500.0,555.518,340,0,0,13.442116737365723,66.01254272460938,0,0,PASS,
sub-016_ses-01_task-WorkingMemory_run-1_eeg.set,sub-016,1,71,69,2,500.0,776.194,350,0,0,19.89258575439453,92.83767700195312,0,0,PASS,
sub-016_ses-01_task-WorkingMemory_run-2_eeg.set,sub-016,2,71,69,2,500.0,691.714,350,0,0,21.06186294555664,109.98339080810547,0,0,PASS,
sub-016_ses-01_task-WorkingMemory_run-3_eeg.set,sub-016,3,71,69,2,500.0,566.782,350,0,0,20.25898551940918,85.42488861083984,0,0,PASS,
sub-017_ses-01_task-WorkingMemory_run-1_eeg.set,sub-017,1,71,69,2,500.0,556.546,350,0,0,20.303197860717773,106.86495971679688,0,0,PASS,
sub-017_ses-01_task-WorkingMemory_run-2_eeg.set,sub-017,2,71,69,2,500.0,555.01,350,0,0,21.7568359375,96.99219512939453,0,0,PASS,
sub-017_ses-01_task-WorkingMemory_run-3_eeg.set,sub-017,3,71,69,2,500.0,515.582,330,0,0,19.818540573120117,92.44754791259766,0,0,PASS,
sub-018_ses-01_task-WorkingMemory_run-1_eeg.set,sub-018,1,71,69,2,500.0,617.984,350,0,0,14.919118881225586,169.0651092529297,1,0,REVIEW,
sub-018_ses-01_task-WorkingMemory_run-2_eeg.set,sub-018,2,71,69,2,500.0,594.944,350,0,0,14.710095405578613,30.20400047302246,0,0,PASS,
sub-018_ses-01_task-WorkingMemory_run-3_eeg.set,sub-018,3,71,69,2,500.0,585.214,350,0,0,14.401734352111816,35.46900177001953,0,0,PASS,
sub-019_ses-01_task-WorkingMemory_run-1_eeg.set,sub-019,1,71,69,2,500.0,638.978,350,0,0,13.902082443237305,37.00315856933594,0,0,PASS,
sub-019_ses-01_task-WorkingMemory_run-2_eeg.set,sub-019,2,71,69,2,500.0,627.712,350,0,0,14.575300216674805,47.51393127441406,0,0,PASS,
sub-019_ses-01_task-WorkingMemory_run-3_eeg.set,sub-019,3,71,69,2,500.0,655.358,350,0,0,15.159767150878906,54.69448471069336,0,0,PASS,
sub-020_ses-01_task-WorkingMemory_run-1_eeg.set,sub-020,1,71,69,2,500.0,599.554,350,0,0,15.004035949707031,29.930084228515625,0,0,PASS,
sub-020_ses-01_task-WorkingMemory_run-2_eeg.set,sub-020,2,71,69,2,500.0,616.962,350,0,0,15.771763801574707,47.62901306152344,0,0,PASS,
sub-020_ses-01_task-WorkingMemory_run-3_eeg.set,sub-020,3,71,69,2,500.0,585.214,350,0,0,15.579336166381836,39.40009307861328,0,0,PASS,
sub-021_ses-01_task-WorkingMemory_run-1_eeg.set,sub-021,1,71,69,2,500.0,714.242,350,0,0,18.42674446105957,65.82943725585938,0,0,PASS,
sub-021_ses-01_task-WorkingMemory_run-2_eeg.set,sub-021,2,71,69,2,500.0,791.042,351,0,0,16.338132858276367,57.176483154296875,0,0,PASS,
sub-021_ses-01_task-WorkingMemory_run-3_eeg.set,sub-021,3,71,69,2,500.0,680.958,350,0,0,15.369049072265625,67.59645080566406,0,0,PASS,
sub-022_ses-01_task-WorkingMemory_run-1_eeg.set,sub-022,1,71,69,2,500.0586756077117,577.982173089495,307,0,0,0.3835231363773346,0.7789156436920166,0,0,PASS,
sub-022_ses-01_task-WorkingMemory_run-2_eeg.set,sub-022,2,71,69,2,500.0586756077117,485.3190472199406,195,0,0,0.6477005481719971,3.183053731918335,0,0,PASS,
sub-022_ses-01_task-WorkingMemory_run-3_eeg.set,sub-022,3,71,69,2,500.0586756077117,773.5452235278341,350,0,0,0.409457266330719,1.5105966329574585,0,0,PASS,
sub-022_ses-01_task-WorkingMemory_run-4_eeg.set,sub-022,4,71,69,2,500.0586756077117,691.6308362807382,350,0,0,0.4136981964111328,1.0183188915252686,0,0,PASS,
sub-022_ses-01_task-WorkingMemory_run-5_eeg.set,sub-022,5,71,69,2,500.0586756077117,696.2402953551134,350,0,0,0.5206893682479858,2.0933945178985596,0,0,PASS,
sub-022_ses-01_task-WorkingMemory_run-6_eeg.set,sub-022,6,71,69,2,500.0586756077117,808.3551385419984,340,0,0,1.4214105606079102,2.2430684566497803,0,0,PASS,
sub-023_ses-01_task-WorkingMemory_run-1_eeg.set,sub-023,1,71,69,2,500.0586756077117,721.8372915165027,351,0,0,0.3325567841529846,0.9048539996147156,0,0,PASS,
sub-023_ses-01_task-WorkingMemory_run-2_eeg.set,sub-023,2,71,69,2,500.0586756077117,708.5268535125803,350,0,0,0.2830827236175537,0.7527410984039307,0,0,PASS,
sub-023_ses-01_task-WorkingMemory_run-3_eeg.set,sub-023,3,71,69,2,500.0586756077117,713.644252979533,350,0,0,0.36403369903564453,0.7741446495056152,0,0,PASS,
sub-023_ses-01_task-WorkingMemory_run-4_eeg.set,sub-023,4,71,69,2,500.0586756077117,678.3223980421409,350,0,0,0.47109442949295044,0.7452582120895386,0,0,PASS,
sub-023_ses-01_task-WorkingMemory_run-5_eeg.set,sub-023,5,71,69,2,500.0586756077117,618.9373669477178,350,0,0,0.31434115767478943,0.8342326879501343,0,0,PASS,
sub-024_ses-01_task-WorkingMemory_run-1_eeg.set,sub-024,1,71,69,2,500.0,569.858,350,0,0,23.067564010620117,79.098876953125,0,0,PASS,
sub-024_ses-01_task-WorkingMemory_run-2_eeg.set,sub-024,2,71,69,2,500.0,563.202,350,0,0,27.5120906829834,110.39575958251953,0,0,PASS,
sub-024_ses-01_task-WorkingMemory_run-3_eeg.set,sub-024,3,71,69,2,500.0,566.782,350,0,0,22.81978988647461,80.53733825683594,0,0,PASS,
